11-002101387-T-C	rs7933888	0.716240875912409
11-069660860-G-C	rs12281701	0.000194451646357272
12-087949797-C-T	rs4842471	0.86849954610297
12-121166511-A-G	rs208311	0.318211360977512
2-060487726-A-C	rs6545816	0.535858126542809
2-120457574-C-T	rs11902253	0.227390852390852
5-077418555-C-T	rs2242159	0.421702404158544
6-038167954-A-G	rs12663450	0.00389105058365759
8-109100658-A-G	rs7821463	0.456061786085151
10-069554783-C-G	rs187201965	0.00694174127416634
16-049014279-T-C	rs13339351	0.312516263335935
16-054336722-T-C	rs4783837	0.928478796524446
19-001224519-C-T	rs34072429	0.147894668231
20-041203988-T-C	rs17265513	0.217080462758352
3-064722438-C-T	rs4132228	0.284024437800598
8-028264207-C-G	rs13250825	0.398189161021365
8-041683292-G-C	rs117271404	0.0287177492545054
1-095497617-A-G	rs11165431	0.616824860226239
11-020930691-G-A	rs16907058	0.0486192143134967
12-132784638-A-G	rs1009321	0.55372920997921
20-043673561-C-T	rs826949	0.838396349413299
22-029841717-G-A	rs5997539	0.0908383078120945
3-023415589-T-C	rs13094957	0.203869627321127
15-066970494-C-T	rs28836514	0.151273057937127
16-085670978-A-G	rs2303202	0.407240704500978
17-004111090-G-T	rs7224685	0.30914188836724
2-120590036-G-C	rs11688682	0.272839345964184
4-177989153-T-C	rs10006596	0.374316584222859
6-153062455-G-A	rs9397581	0.252406347554631
11-069063239-G-A	rs3750971	0.496683030383442
11-076445929-G-A	rs61894507	0.319932344522508
12-053083566-A-G	rs2683506	0.337318698549588
2-042970081-G-C	rs11124906	0.387254263767739
2-217919808-T-A	rs2288176	0.0237197816480374
20-046967739-A-G	rs6063046	0.256631989596879
5-075638184-A-T	rs34341	0.563418758943671
8-144750636-T-C	rs7015203	0.462329212752115
10-048162047-A-G	rs2438988	0.637166405023548
10-113033836-G-A	rs72826093	0.00576798444588464
12-108236003-G-A	rs1426371	0.285398804884386
13-033019132-T-C	rs2283368	0.123066926575699
15-077484220-A-C	rs952472	0.708311688311688
2-151310003-T-C	rs10174715	0.623093965854294
2-161057657-G-A	rs10490563	0.269420628734736
4-001246511-T-G	rs730831	0.0431626701231367
6-160353427-C-T	rs487060	0.474616982601922
1-151387002-G-A	rs4971038	0.279352489923287
11-072749353-A-C	rs77464186	0.165650142745912
12-004272815-C-T	rs7304270	0.0513787721123829
3-054794800-G-T	rs76263492	0.044289802289282
6-032837693-C-G	rs2071465	0.409829671044077
6-142875381-A-C	rs11969311	0.186672722553854
11-069642779-C-T	rs3918292	0.109896583322424
13-080018069-G-A	rs3850067	0.393775987525988
14-038331500-G-A	rs4901812	0.251659508004686
15-075510859-T-C	rs12708519	0.248083668961933
3-077622570-C-A	rs2272163	0.391655801825293
7-102912919-T-C	rs62484946	0.0319066147859922
12-027809170-C-T	rs10842991	0.205011685276552
17-004903803-T-C	rs3966782	0.334200937011973
5-103011162-C-G	rs149802978	0.0518739463104656
1-205770138-C-T	rs708723	0.560072736719054
15-035642912-A-C	rs12913098	0.134430280957336
2-000422144-T-C	rs62107261	0.0394139764034747
4-120841248-T-C	rs4833686	0.283997921808027
4-184853716-A-G	rs59972619	0.39518855656697
10-092725503-A-G	rs143135397	6.47836227001814e-05
11-002143760-G-A	rs1124699	0.933294437961882
12-031226161-G-A	rs4931467	0.396131805157593
3-063911539-C-T	rs2292662	0.18209555959491
7-028154778-C-T	rs860262	0
10-114033028-G-A	rs740746	0.733190550363448
11-002663432-G-A	rs2073957	0
17-048982960-C-A	rs35895680	0.334113973458236
6-020607493-A-G	rs111564329	0.0122536307053942
6-020772325-A-G	rs74371219	0
6-039865188-T-C	rs2504093	0.571642179170459
7-113242459-G-A	rs3906052	0.632700805822719
9-016715828-T-C	rs1330303	0.638502534771871
10-069595941-G-A	rs190597808	0
12-117974568-G-A	rs34965774	0.129256563556018
14-103532086-G-C	rs1022736	0.352999866968205
17-031376984-T-C	rs1048317	0.614345114345114
18-001839563-A-G	rs8097544	0.153091712133022
2-238947706-G-C	rs12999257	0.247043534762833
3-184185013-T-C	rs6443954	0.521668401874024
6-031273258-G-A	rs139073773	0.000130497194310322
7-030688836-C-T	rs917195	0.220865272183968
12-004231409-A-G	rs10219589	0.25662100456621
18-044747009-A-C	rs58306981	0.266454628066987
3-018774426-G-A	rs9878064	0.720231138813141
4-136162038-A-C	rs1296328	0.543058455114823
6-031144924-G-A	rs142986308	6.49182030641392e-05
8-121672500-A-C	rs16895840	0.16023140925637
9-028414627-C-T	rs17770336	0.336127355425601
10-075887349-G-A	rs7099048	0.507622149837133
10-121216119-C-T	rs1907225	0.684422502273613
13-108152260-G-C	rs59904581	0.0677427719434721
14-060713939-T-G	rs3742636	0.722438897555902
2-025346954-A-G	rs13023418	0.416158536585366
2-168898336-T-C	rs13387347	0.546457001174475
5-052495391-T-C	rs17261179	0.496945671952171
6-031523943-A-G	rs2534653	0.166189670872902
6-032405601-A-T	rs3806155	0.0287251977694203
6-156665416-A-C	rs6905058	0.0427145449831475
6-163711969-C-T	rs4709746	0.126183988581809
1-211571812-C-G	rs11277	0.194765553968048
11-001675619-C-T	rs2334499	0.415011037527594
11-002248709-G-A	rs181911080	0.000129600829445308
15-053729770-C-G	rs11853527	0.373382987063896
13-109274738-C-T	rs9301365	0.480931927632435
17-002406635-A-G	rs59278436	0.296024425100689
3-152812238-C-T	rs75417759	0.0398884420806849
6-039371785-G-A	rs9296294	0.678148966593007
8-094683902-C-T	rs2722885	0.53638726445744
1-050757591-T-C	rs12063943	0.0798728263690631
10-112976911-T-G	rs114322470	0.0229072031148605
11-117822540-T-C	rs529623	0.527810342581738
12-057454925-C-G	rs3809113	0.689303353262282
16-009642000-C-T	rs316371	0.574076482830385
18-034114603-C-T	rs4293449	0.848249027237354
2-164413121-C-T	rs192885976	0
6-142699615-G-A	rs12200517	0.16028304336536
7-026357619-C-A	rs1534696	0.538791423001949
8-041651551-T-A	rs150015181	0
1-011241139-C-G	rs6697896	0.727248536455561
14-100843422-G-A	rs2295388	0.241267367874302
3-012800305-A-G	rs7650482	0.647620904836194
12-020109611-G-A	rs75149408	0.011475622406639
18-063228686-T-C	rs12970504	0.18791726665794
5-066992055-A-G	rs34691	0.578759569222784
6-075723922-G-A	rs72888748	0.351943647273676
1-150543268-T-C	rs12758483	0.213722608230893
15-080136233-T-A	rs7172637	0.665382606424654
19-021539677-C-T	rs7507813	0.218847758081335
2-058912372-T-C	rs17049820	0.112401089635491
20-064147876-C-T	rs11698462	0.51649497978876
3-012456095-C-T	rs58691354	0.151070733290071
3-152369044-G-T	rs13066678	0.523914738757473
3-157077736-A-G	rs9854955	0.413997395833333
4-052340927-C-T	rs114447556	0.0796161825726141
5-050634452-T-G	rs62366901	0.463268755688467
6-043904356-C-A	rs72863966	0.27277452891488
6-051393781-T-C	rs2504706	0.231667748215445
1-198482006-A-G	rs12025652	0.0554185593770279
12-004294710-C-T	rs3217893	0.0762392940565793
15-091152132-G-A	rs9672505	0.0672870915907874
3-023008057-T-C	rs138043981	0
4-048878610-C-G	rs62310934	0.388823911630929
6-031350073-G-A	rs11961408	0.260163657617872
10-012506711-G-A	rs2815657	0.0858335507435429
11-002051952-A-G	rs76074250	0.207350628930818
12-120979061-C-T	rs1800574	0.027799428422967
12-124341916-C-T	rs2229840	0.145330739299611
2-065344755-G-C	rs61748094	0.0270830633665932
20-044617908-C-A	rs244080	0.250919493257049
1-214110967-A-G	rs74139610	0.0239319620253165
12-004131952-A-G	rs75640507	0.0258889177264469
12-082006719-T-C	rs999976	0.242731048805815
6-039316408-A-G	rs3734618	0.494078604893285
18-065791045-G-T	rs35419009	0.314771547248183
19-001167923-G-A	rs12461269	0.301458143470902
19-021917904-A-G	rs142395395	0.000129752173348904
20-055581407-G-T	rs507381	0.318950930626058
6-063481673-A-T	rs10943822	0.526996847083552
12-090009131-T-C	rs17250160	0.0595670210007778
12-120991391-T-C	rs1169299	0.478857663283893
15-077313961-C-T	rs62008456	0.0426900584795322
22-019984029-T-C	rs758374	0.331294729993494
4-001246511-T-A	rs730831	0
5-014753636-A-G	rs17250977	0.0332598547717842
7-127590622-T-C	rs62483173	0.359773555439875
7-156988778-T-C	rs184163936	0.00799012602312589
1-092750161-T-C	rs6604014	0.648128898128898
1-119931555-C-T	rs2493389	0.111183355006502
1-205055445-C-T	rs4950978	0.226462938881664
11-002618755-T-C	rs4930141	0.158465333679564
17-075758725-A-G	rs2444842	0.826965562053281
2-005691800-G-C	rs147020059	0.0735717221537197
20-018668025-G-A	rs62216977	0.149850668744319
3-185772046-C-A	rs146998369	0.000648256190846623
4-025407216-G-A	rs34811474	0.214090554254489
1-020402958-G-C	rs10916784	0.395722272786374
2-164481204-G-A	rs6757477	0.654271945819224
4-144737912-T-C	rs11727676	0.101569593981061
1-116990168-C-T	rs1127215	0.409990881854891
11-002848222-G-A	rs45477500	0.0149941581202129
3-071606894-C-T	rs844215	0.413556889352818
3-185744240-A-G	rs192540172	0.0160119279139116
7-098181606-A-G	rs9641233	0.0258620689655172
9-004290085-G-C	rs4237150	0.42578125
13-080133294-A-C	rs1215468	0.000908265213442325
17-006649848-G-A	rs9900150	0.486199713578961
2-008490619-G-A	rs12328987	0.0212738357763653
2-164651879-C-T	rs10184004	0.41120218579235
3-013385447-G-A	rs9818385	0.547798415378621
3-196105276-T-C	rs9877493	0.667013121995583
1-028665035-C-A	rs2873789	0.00123864574731627
10-012265895-C-T	rs11257655	0.199259355509356
12-013038241-C-T	rs7303887	0.131006641489777
15-035642912-AC-A	rs12913098	0
15-037732620-C-A	rs2382031	0.342047080244505
20-033600336-C-T	rs149142833	0.15927446047928
3-172082466-A-G	rs4894803	0.421716514954486
2-164722092-C-T	rs74459242	0.0709284232365145
1-111775862-A-G	rs12033257	0.374832574336994
10-070839410-T-C	rs1683935	0.192417926003127
10-112833247-G-A	rs11196122	0.326822916666667
11-092975544-C-G	rs10830963	0.289115204981837
15-051614790-A-G	rs750163	0.545732500650533
15-094727676-G-A	rs11633473	0.615609565895503
4-045180510-A-G	rs10938397	0.429915088177662
6-023014217-A-C	rs16887160	0.195465765882811
11-055743130-C-T	rs11230823	0.104069162766511
12-004192135-C-T	rs11063029	0.0627843494085532
3-115224932-C-T	rs9822860	0.109510834306475
6-039066319-C-T	rs10305457	0.0964206977045779
7-044325950-C-T	rs116913033	0.183808016877637
7-073628113-T-C	rs6460047	0.209128684586417
2-233276893-C-T	rs72976321	0.0575726141078838
1-147250829-G-A	rs59689207	0.0898467930407686
1-179279817-A-G	rs2816177	0.413755033121185
11-002836784-C-G	rs76868685	0
11-128172680-T-C	rs10893829	0.152822842310188
2-058731977-G-A	rs6741951	0.268815806577408
2-233398336-G-T	rs6706384	0.390755191112287
4-170158786-T-C	rs550072	0.511754773347188
7-101152465-T-C	rs6969685	0.325883575883576
10-101233892-G-A	rs625039	0.126799844337787
11-079316757-C-G	rs569296	0.373635654885655
12-121192536-G-A	rs141555626	0.0163424124513619
14-029601453-C-A	rs3783300	0.400546021840874
15-093382098-G-A	rs4777857	0.602642541004947
2-066444726-C-A	rs2049019	0.676279553130683
2-160378941-C-T	rs58757862	0.120272904483431
6-020808032-A-G	rs149781755	6.48004147226542e-05
6-021079126-A-G	rs11967298	0.3221010258408
7-015029393-A-T	rs17168605	0.0460739779364049
9-016656911-A-C	rs1029016	0.949585277345775
1-201887393-C-G	rs10920270	0.271198545643423
12-031340501-G-C	rs11051394	0.00136169109064972
13-045944831-T-C	rs2806924	0.693816575733957
19-033398687-A-G	rs7256564	0.68548805815161
20-044049118-C-T	rs183623967	0.00149098923894723
8-144321883-A-G	rs3757974	0.363908016110173
1-117600895-A-G	rs320369	0.678427550357375
12-065822382-G-A	rs2257883	0.124805093555094
3-129601687-A-G	rs78252470	0.0932666060054595
1-015723975-A-C	rs12746673	0.209135866736075
10-063190350-C-T	rs59050225	0.0231018818948735
11-093280365-C-G	rs57235767	0.000129988301052905
2-067393935-T-C	rs12713597	0.656481601872318
3-052082220-G-C	rs11707129	0.631486539211861
6-007231610-G-A	rs9379084	0.111841249186727
8-041645484-G-C	rs11996576	0.285009093270979
6-167004063-G-T	rs9459835	0.47686508968027
11-002863080-C-A	rs116500286	0.115174032068831
16-001286402-G-A	rs4984797	0.55955642530985
22-049962654-C-T	rs28691713	0.494716931907122
6-034222672-C-T	rs10214450	0.0449262113099125
6-125795807-A-G	rs9375411	0.476060369502992
16-069716946-C-T	rs2917677	0.426597131681877
18-059209198-G-T	rs9957320	0.168722409763698
2-016482473-C-T	rs5023163	0.0645433316035288
20-044204149-C-T	rs6073369	0.314668052487982
3-113282859-A-G	rs775230	0.300624674648621
4-101251686-C-G	rs2850960	0.253773093937028
6-020466764-T-C	rs9358336	0.795174190050156
8-117109495-A-G	rs4876702	0.136475782365927
8-120860224-A-C	rs10955992	0.670674639282465
14-099233743-C-T	rs4082793	0.422421641305761
16-053780040-T-A	rs145904814	0.0125064800414723
19-041365886-C-T	rs55826925	0.0796681057744199
1-214050065-T-C	rs72755403	0.048820020746888
11-002557933-A-G	rs2283164	0.0552171095268957
12-080915483-G-C	rs11114650	0.0171943939787179
12-120819287-T-C	rs73229142	0.05225622406639
4-128251968-C-T	rs4975198	0.202328014648182
11-002832272-T-C	rs234860	0.816644993498049
12-120841280-G-A	rs572016	0.485649054142205
2-218322880-C-A	rs10193189	0.633342005984129
3-086860983-C-T	rs62257270	0.619276270006959
6-033418176-A-G	rs1705003	0.151090342679128
1-213856235-C-G	rs61818951	0.0593956685254831
10-069705603-G-T	rs2812539	0.695934536952851
12-120925703-A-G	rs118074491	0
15-056592950-C-G	rs139219993	0.0123328573283136
2-208004056-T-C	rs11692908	0.615007836990596
20-044348616-A-T	rs2144907	0.886889293139293
22-031732285-G-A	rs131246	0.0928302865292364
3-015664617-G-A	rs924753	0.598633702016916
3-123346931-A-G	rs11708067	0.209882964889467
3-152669934-T-C	rs9873341	0.729440041574639
7-013789857-A-G	rs138348096	0.0213903743315508
7-025912439-G-A	rs35274205	0.265870440088277
7-102841444-C-T	rs7781557	0.19461038961039
12-012718165-T-G	rs2066827	0.231827622014538
19-045680328-C-T	rs61373376	0.161994784876141
2-144946853-A-G	rs72854449	0.31712542196832
7-023562972-C-T	rs227941	0.901439502010115
10-092728938-C-G	rs117526461	0.0134154244977317
4-099318162-T-C	rs1229984	0.96822720788484
6-040441504-T-C	rs34298980	0.489656518345043
8-041522705-C-T	rs7012759	0.81112582781457
1-147629554-T-C	rs80296758	0.0152320456313197
1-172390640-A-G	rs2227199	0.565700545879906
10-121169979-T-C	rs10886863	0.97647135079077
2-120682642-G-T	rs10864859	0.918479685452163
20-051837356-A-G	rs6021487	0.344558225022975
4-006295919-A-C	rs13130845	0.60036425133342
4-095185171-A-G	rs2289043	0.696112844513781
6-138451934-G-C	rs6905226	0.145018833614755
7-140928935-G-A	rs13438418	0.0723641551030995
11-046955609-C-T	rs71474196	0.116587802313354
11-128520896-T-C	rs3935795	0.0646227638060669
17-050086966-C-A	rs112297357	0.0810015690376569
5-056465350-G-A	rs3911664	0.473276983094928
6-020986684-G-C	rs114381567	0.0293042683722752
11-058043842-T-A	rs12418866	0.535074045206547
13-058118978-T-C	rs11148426	0.185829223981313
17-004077257-C-A	rs72827349	0.02535339125924
18-042492265-C-T	rs7232699	0.22762115109783
19-030548088-T-C	rs1469705	0.277243172951886
22-041153293-A-G	rs7510675	0.699636080062386
5-014767983-C-G	rs6885132	0.0985723556132382
6-031310211-A-G	rs7755852	0.560755775136867
12-021685951-G-A	rs34084105	0.274107722258274
12-056968561-T-G	rs2167306	0.106141262009868
17-009888232-A-G	rs17676097	0.311980249480249
2-144498978-C-T	rs6705150	0.738676184295912
3-138378695-A-G	rs1679147	0.653116883116883
4-185651349-T-C	rs11724862	0.229750778816199
6-007254724-G-A	rs2714343	0.336926873619951
1-151027707-G-A	rs35550545	0.122041517916171
2-065057097-A-T	rs2540949	0.38504029113595
2-204511186-C-A	rs4482463	0.928850410102851
3-025066375-A-G	rs6808550	0.57543495196053
6-041195153-T-C	rs4711658	0.37137469111718
10-069334748-T-C	rs17476364	0.088028627195836
12-093574480-G-A	rs1316739	0.252242744063325
2-180702465-C-A	rs12467798	0.644658655750693
6-165769048-C-A	rs1021509	0.36342382127549
8-073768181-A-G	rs140727097	0.115268873479
10-097296433-A-T	rs10748694	0.585431068214425
12-060847359-A-G	rs10784067	0.828157484407484
13-022735243-C-T	rs314879	0.786771387770998
14-077382275-G-C	rs7150718	0.474057533166951
15-046183959-A-G	rs10519049	0.380197505197505
6-020671227-A-C	rs117656456	0
7-100352178-A-C	rs142520867	0.0259158222915043
7-127560592-T-C	rs139034871	0
9-034074478-T-C	rs12001437	0.349446254071661
18-063178651-T-C	rs12454712	0.387400339824859
22-020064958-C-A	rs3804043	0.28526849564426
4-020031849-G-C	rs2046438	0.211385816525699
8-117172544-C-T	rs13266634	0.31741500129769
10-113055695-C-T	rs149092094	0.00926525852015032
12-004201054-C-T	rs4140660	0.134582954987677
13-058623402-T-C	rs4432163	0.486912358379997
13-109774524-T-C	rs9521510	0.341555238218876
14-024409164-C-T	rs12437434	0.00557789596575431
2-040247882-G-C	rs1012311	0.129720960415315
2-044964941-G-C	rs12712928	0.157440125638005
20-062322432-G-A	rs2274933	0.182926829268293
3-050136764-G-T	rs2624847	0.736235845372901
11-002889817-A-G	rs76653898	6.48340248962656e-05
11-128365357-C-A	rs7104712	0.714248603714768
19-038915802-G-A	rs11670675	0.224977222439151
9-133273813-T-C	rs505922	0.366592949134903
10-103273985-A-G	rs3123794	0.473965113251757
10-113076422-A-G	rs116929578	0.0355892648774796
13-113622886-G-A	rs2316118	0.373345445107708
17-064121776-T-C	rs10853047	0.125940825330911
3-046884049-T-C	rs11926707	0.621340273259597
3-184020838-T-A	rs2313211	0.545442742144897
5-123347118-G-A	rs12655753	0.046540308970531
6-111499910-A-C	rs6568685	0.792537313432836
9-021167182-T-C	rs28521526	0.178980974719833
10-079173103-G-A	rs77969702	0.112922077922078
10-117824534-T-C	rs10787798	0.718952974798649
12-095528222-T-C	rs61939481	0.0636434410276372
13-027951225-A-G	rs79033136	0.867781155015198
2-060057965-T-C	rs980329	0.249022419186653
4-001782878-G-C	rs6831006	0.493490430933472
8-105419985-C-T	rs3779767	0.325029270196436
1-183035199-A-G	rs4129858	0.409611132787098
11-074834333-T-G	rs512780	0.56875895298867
12-048319149-T-A	rs2732469	0.447012987012987
17-068452981-G-A	rs883541	0.779963641085573
2-070112352-C-T	rs10180252	0.0581561203319502
2-164595252-G-C	rs72874860	0.012707468879668
6-032214982-G-A	rs206015	0.0921189301480135
1-214043603-A-G	rs76378634	0.0504283489096573
16-053739082-T-C	rs4548860	0.0623865110246433
19-005036719-G-A	rs56249413	0.262785565939772
3-023590683-C-G	rs76435632	0.0351491569390402
4-184792454-G-A	rs72695645	0.142582016204011
6-039321169-G-A	rs1109772	0.0312134977287476
6-139514552-C-T	rs668459	0.588449531737773
8-134774034-G-T	rs12548678	0.38858024691358
1-062114219-G-T	rs12140153	0.0963956955788928
1-236264087-A-T	rs1726669	0.258733481617166
10-113005710-G-T	rs79369780	0.0236828445367246
11-002671276-A-G	rs35889184	0.0433316035288012
12-010723329-A-C	rs77100210	0.0410273081924577
2-027508073-T-C	rs1260326	0.60046820132657
10-069572545-C-T	rs41277236	0.0420730914293146
10-122397530-A-G	rs2421021	0.510014306151645
17-072300402-A-G	rs11653006	0.546520719311962
19-031338997-A-C	rs924150	0.409370904325033
20-058809120-C-T	rs6070620	0.191898208257595
4-000958159-T-C	rs34311866	0.189702249382395
5-087225148-T-TAA	rs13185500	0
5-180797259-G-A	rs117657946	0.104519406095337
9-022161978-G-C	rs183862911	0
1-213985913-T-C	rs340874	0.519130661114003
10-112987754-C-G	rs181345902	0.00454132606721163
22-042638138-A-G	rs5751316	0.620958240607409
5-054169956-T-C	rs39671	0.245778124188101
10-092734703-C-T	rs11187151	0.0167876588021779
11-065809332-T-C	rs72924707	0.0238002594033722
15-052796604-G-A	rs28475375	0.1275185233329
15-072186172-A-G	rs8026894	0.0350831600831601
4-018955622-G-C	rs13109789	0.301299545159194
6-020725134-G-A	rs140249932	0.000136892539356605
1-098421040-C-T	rs1410467	0.791639620926912
12-071069635-A-C	rs10879248	0.398828887443071
13-060117933-T-C	rs9598088	0.363979193758127
16-000211117-C-T	rs117064493	0.0268951878707976
17-068387467-C-T	rs35722605	0.190603067325188
19-044850787-T-G	rs57537848	0.53042345276873
2-145590469-G-A	rs7609422	0.59292955549779
3-053093661-G-T	rs2581787	0.584612382934443
7-102693411-T-C	rs76999373	0.0580988198677214
11-002854735-G-A	rs35723063	0.0537543768642199
12-120998588-T-C	rs149282777	0.00129651238169325
8-080463222-C-T	rs16907751	0.112399062255796
11-002670241-A-G	rs231362	0.507605304212169
11-064263769-C-T	rs35169799	0.0711967808930426
13-033117034-T-A	rs36090640	0.22740846533368
13-080011903-A-G	rs11620422	0.034163101257617
4-006302004-G-A	rs147834269	0.000259268861809697
8-036997193-T-G	rs10092900	0.191808386342983
1-063641613-C-T	rs2269247	0.186299948105864
1-109928142-G-A	rs333947	0.150097339390006
11-058622534-C-G	rs17489568	0.179435483870968
22-028973410-A-C	rs5762925	0.337335247292183
3-125202613-C-T	rs9873519	0.543652382859431
9-022057531-A-C	rs77728904	0.0800233644859813
9-023347867-C-G	rs12553324	0.391646095881512
9-035767756-G-A	rs10758321	0.447587462608922
12-120723650-C-T	rs77045000	0.0283361431720918
17-043379045-A-G	rs56799554	0.182522123893805
22-038204588-A-T	rs2267374	0.555143711796072
9-094148533-G-A	rs10821304	0.226440809968847
1-006613720-C-G	rs12402498	0.331325301204819
1-065197298-A-G	rs10789175	0.320571057754705
10-110862079-T-C	rs7067540	0.757729280332554
13-027438390-A-G	rs9512696	0.672862702992887
19-012927601-G-A	rs3111316	0.601163713303359
4-088811725-C-G	rs7697644	0.506429406416418
6-036943498-G-A	rs72846863	0.141387972994191
1-155304078-G-A	rs4971072	0.691755804852596
14-022819980-T-C	rs17122782	0.221692568891211
16-015059860-T-C	rs9927842	0.853344656388816
7-103780261-T-C	rs262350	0.429220779220779
8-014268411-C-G	rs13262285	0.387368840483464
8-037540285-T-C	rs12680217	0.0603347606072402
1-020402958-G-T	rs10916784	6.50110518788194e-05
1-024045018-G-A	rs12119086	0.0355029585798817
11-119071928-A-C	rs1614264	0.404028436018957
17-017606678-G-A	rs56745821	0.223004694835681
4-039412030-A-T	rs58015370	0.315968586387435
5-119395552-T-G	rs1105770	0.697414577107964
10-092449024-C-T	rs146668074	0.0563021920668058
13-080133294-A-G	rs1215468	0.284222135720773
16-053507566-C-T	rs3095633	0.532379713914174
5-058434305-C-T	rs861293	0.335196256823499
6-082330568-T-C	rs13207433	0.698635477582846
7-044153863-G-T	rs2908296	0.157703299558327
8-087289330-G-A	rs2336987	0.262716274229218
11-092983658-G-A	rs11020132	0.0190062272963155
18-007076837-C-T	rs9948462	0.359326222684703
6-130024690-G-A	rs1415701	0.262586184467282
7-149483409-T-C	rs6972751	0.680945540028732
8-117130913-C-A	rs73317613	6.49434991557345e-05
16-000287691-C-T	rs34665498	0.163155156717388
17-000616314-G-A	rs36027158	0.171667965705378
17-039590054-T-C	rs11078916	0.711267605633803
20-053000625-T-G	rs2741362	0.477071966744609
6-020686342-C-A	rs7766070	0.288930948962276
1-219569195-C-T	rs1415287	0.277597191522559
16-001198374-G-A	rs34569984	0
5-138098804-C-T	rs35167448	0.270183486238532
6-028166590-A-G	rs1150674	0.0488848547717842
6-039147637-C-T	rs7751419	0.3099195014282
7-078200451-G-A	rs1852006	0.352200441386473
8-128540098-C-T	rs7824269	0.265809635112323
12-124024429-G-C	rs11057418	0.212099597976916
6-007315607-A-G	rs116039287	0.200935186387843
7-028154778-C-A	rs860262	0.505155311929
1-096013510-T-A	rs321234	0.616443693986232
11-002163897-C-G	rs3842726	0.00162274438530443
13-026202862-A-G	rs34584161	0.226086956521739
16-003280179-C-T	rs458522	0.268453312467397
16-053794125-C-T	rs73612051	0.0578667703473302
3-129273204-G-A	rs6762578	0.786281400494598
4-076136669-C-A	rs4624679	0.565214564369311
7-012227869-G-C	rs4721059	0.40461215932914
10-092782853-G-A	rs7896332	0.420840379862105
11-002176056-A-G	rs4929965	0.631414430841365
15-090969927-T-A	rs2890156	0.148817345597897
3-185543570-C-T	rs73885749	0.235629946801609
4-084478183-T-C	rs144589448	0.0110174983797796
8-115581371-T-C	rs4599845	0.576857998177795
14-089089903-G-T	rs35368444	0.0479958490076534
8-094948719-A-G	rs2879813	0.517457826598666
8-122789018-T-C	rs4871304	0.638878042431342
1-213977102-T-A	rs17712208	0.0284879948085659
10-113030314-G-A	rs118046020	0.0137448132780083
10-113146955-G-A	rs290490	0.665237166991553
12-065965972-C-A	rs8756	0.495575221238938
15-077519686-A-G	rs34080199	0.058041504539559
16-086426131-C-G	rs35825770	0.492102858634643
17-080783826-A-G	rs11150745	0.321113418115754
20-058886860-G-A	rs4812042	0.641077222582738
5-050616510-T-C	rs117870891	0.00012970168612192
7-043871283-C-T	rs10232743	0.0351957479906663
7-050630852-A-G	rs2237442	0.336863305613306
13-022015744-A-G	rs9316706	0.160890446521288
14-091506408-C-T	rs2025067	0.481606655401014
15-067788548-A-T	rs4776970	0.344467505513037
17-078762169-A-G	rs7221314	0.334047248182762
3-150348753-T-A	rs62271373	0.0496499870365569
3-170987904-A-G	rs1514895	0.289367516918272
6-041713884-T-A	rs2057069	0.469523313362855
7-105276269-G-C	rs73186041	0.535396466994289
8-137203245-T-G	rs73712230	0.0710765239948119
16-089720353-C-T	rs56283750	0.653651247401247
1-028665035-C-G	rs2873789	0.414533443435178
10-069561523-A-G	rs177045	0.329068710222107
6-138534838-T-A	rs9376353	0.423166926677067
8-125498096-A-G	rs6470361	0.291332154034563
1-036292460-C-T	rs11576244	0.388032454361055
10-012348117-C-T	rs2997064	0.991706621744201
11-069320907-C-G	rs28599796	0.333203277409286
3-123300116-A-G	rs4482616	0.810651271406331
3-187967188-C-T	rs35404821	0.0611908839415097
5-111950258-C-G	rs35658682	0.359259259259259
6-032614145-C-T	rs522308	0.284966636137642
6-050821065-A-C	rs3798519	0.203427236141763
6-126470949-A-G	rs11759026	0.238391699092088
6-138884249-T-C	rs9376382	0.26534717715769
7-026529511-G-T	rs6968655	0.227101468104456
8-025607154-G-T	rs73221948	0.278232087227414
11-075739531-T-C	rs673335	0.188702548101924
6-032152938-T-C	rs1053924	0.693830818965517
6-117690560-C-T	rs72951506	0.146065956894313
10-061965028-C-T	rs76804656	0.0625973015049299
12-004201054-C-A	rs4140660	0
16-089565257-T-C	rs17471624	0.16592544146501
4-129824994-A-C	rs72675820	0.644954966714528
6-043834141-C-T	rs2894536	0.849162011173184
8-096162409-C-T	rs2514530	0.484596386325231
4-139972133-T-C	rs56218782	0.316881258941345
7-007172309-G-A	rs12702586	0.142959210184464
7-013853277-G-A	rs10950494	0.439828080229226
9-020815908-T-C	rs6475477	0.506108656095659
9-022301093-T-A	rs1575972	0.0364556305137519
10-113070010-C-T	rs11196216	0.901120375195414
19-019684751-C-A	rs7247433	0.414214398318445
2-047928345-C-A	rs11691374	0.182054278665108
1-047236696-T-C	rs2008713	0.617255771488196
10-013526857-T-C	rs11258435	0.56103744149766
10-112950166-C-T	rs149106073	0.000265322366675511
16-000918717-T-C	rs9889137	0.391392108347441
20-022446732-C-G	rs2181063	0.208966861598441
1-002258038-T-G	rs12138597	0
17-003935467-C-T	rs8082265	0.141992975152855
17-037695552-A-G	rs4635384	0.382463900091063
17-058888691-C-T	rs11659035	0.385120207927225
18-079396537-C-G	rs8096658	0.481111111111111
3-188322802-T-C	rs12490232	0.179831387808042
1-177919890-A-C	rs539515	0.182012987012987
18-056911251-C-T	rs10048404	0.378292461398728
4-094178043-G-A	rs7676797	0.481076863051112
6-116895741-A-G	rs17078452	0.0588578844905905
8-010342038-G-A	rs17708276	0.140394088669951
8-102864097-G-A	rs2679745	0.195033155636458
9-008284965-G-T	rs7872172	0.170305393112411
15-090979736-G-A	rs10520699	0.13153118112278
18-060161902-T-C	rs6567160	0.22208517268242
20-063738996-T-C	rs1056441	0.705671913620398
3-122311754-T-C	rs1393202	0.949326075686884
17-048101312-G-A	rs3744347	0.776875081242688
2-059080966-A-G	rs7599151	0.607908496732026
4-001270725-C-T	rs144186803	0.000130072840790843
4-143521099-A-G	rs12500603	0.205840363400389
7-023392667-A-T	rs73281645	0.205717634800729
9-114336370-C-T	rs1044531	0.888160456964819
10-092704188-G-A	rs1977833	0.408807076883049
13-080195977-G-C	rs9565549	0.512179236680995
16-001198374-G-C	rs34569984	0.285695691787062
19-007186322-C-T	rs10416539	0.0895871202285121
19-008364439-G-A	rs116843064	0.0198289269051322
2-157992292-G-A	rs720159	0.551816169769561
3-136798018-T-C	rs9878031	0.673506493506493
7-085017583-T-A	rs10231441	0.317223884480291
1-083861531-G-A	rs6692233	0.527467532467532
10-069696555-T-C	rs2395023	0.409823284823285
10-112998590-C-T	rs7903146	0.269330734243015
14-079704527-A-G	rs2371064	0.297351681163183
18-043122868-T-C	rs7242026	0.390174161684429
3-188024054-A-G	rs6777684	0.614994802494803
7-151115596-G-A	rs17857291	0.258810129974541
1-206442751-G-A	rs11120291	0.526630293582749
15-066581578-G-T	rs2469102	0.262099390164785
16-004395326-C-T	rs3747579	0.736253737163655
2-212954007-T-C	rs16849467	0.307141927930272
20-044355723-G-C	rs188520200	0
3-042270000-A-G	rs935112	0.887448132780083
4-184784999-C-T	rs7683525	0.216970091027308
6-127095785-A-G	rs2800733	0.286057692307692
8-117208978-C-T	rs117215804	0.0200363117624173
9-126663466-G-A	rs59427698	0.230567914158597
9-136350742-C-T	rs77813615	0.0389955878536206
1-072349100-A-G	rs2815749	0.827514600908501
12-031221721-G-A	rs146295182	0
13-032912391-A-T	rs9591408	0.305519395990627
15-049580150-A-C	rs7161744	0.471543659043659
16-006484121-C-G	rs1420076	0.109691229891022
16-075212137-G-C	rs72802365	0.0734683281412253
19-001236482-C-T	rs62128838	0.0333636836628512
3-160436470-A-C	rs1047210	0.506118994922536
6-142737555-G-C	rs6570526	0.487326140647342
1-150712010-T-C	rs116279971	0.0115434500648508
12-069579612-T-C	rs3201	0.326047476974964
2-058917556-T-C	rs117882378	0.0167250097238429
2-202553814-G-A	rs1991371	0.123016905071521
3-035617852-T-G	rs6766511	0.364079563182527
4-004988571-A-G	rs4450871	0.439399844115355
6-162627348-A-G	rs34709632	0.102855288773524
7-041316525-C-T	rs13222509	0.550207846193817
8-041665473-A-G	rs508419	0.761787245096766
11-045837033-G-A	rs12419690	0.5635477582846
12-004262934-C-T	rs117380042	0.0145228215767635
14-102761515-T-G	rs8020605	0.227527357998958
17-062559465-G-A	rs11657101	0.362016428192899
18-039014093-G-T	rs2958610	0.915066182195692
20-044366172-T-C	rs12625671	0.121304460580913
3-012148010-T-A	rs308958	0.859639900118281
3-186108951-T-G	rs869400	0.821274368703389
6-082763757-G-T	rs1757856	0.842723614176295
7-044216044-G-A	rs878521	0.239976644608797
1-205042978-G-C	rs4951159	0.901576341844711
11-032419831-C-T	rs7115190	0.296091924175539
12-121493142-A-C	rs78628688	0.0712520593080725
14-025480071-G-T	rs1955851	0.691313944430018
17-021375977-C-T	rs7213608	0.685033216100039
5-053555061-T-C	rs889292	0.750425559774781
6-019712062-A-G	rs6926312	0.49225380573892
7-001848415-G-A	rs11766944	0.217900351242357
7-150840547-G-A	rs62492368	0.327330646209856
10-092576828-C-G	rs140778879	0.0301298701298701
11-092998312-A-T	rs271035	0.588652021318081
12-041469591-C-T	rs2730827	0.472720136072223
12-065944802-C-T	rs116979298	0.0416882780082988
13-058118978-T-A	rs11148426	0
19-013049045-C-G	rs148340480	0.0663198959687906
4-070896009-C-T	rs10433674	0.959149267280508
16-053420943-G-T	rs62048489	0.0843287457803168
20-044413724-C-T	rs1800961	0.0288886003635419
3-171047691-C-T	rs6779848	0.482012987012987
9-031222422-C-A	rs10813516	0.754660848869496
9-078710019-G-C	rs1888832	0.452492515944293
1-057789510-C-G	rs12140915	0.172894770987414
12-071262767-T-C	rs1533104	0.663047718112079
18-055383415-A-C	rs72926932	0.0804485932840659
3-094486924-T-G	rs580585	0.437093839355342
5-106883813-A-G	rs295030	0.369440832249675
1-213541038-G-A	rs11120157	0.701364292273383
12-004289884-A-G	rs3217860	0.281311090838003
12-027740413-G-A	rs11049114	0.200274258848113
12-097455132-C-G	rs6538804	0.386544223003777
16-029971798-G-T	rs9932196	0.452609711763178
20-000327549-A-G	rs1047507	0.0493113305613306
22-050182079-C-T	rs56149983	0.126811594202899
6-053774965-A-G	rs9382231	0.199506429406416
11-002778449-T-C	rs2237884	0.263726255529534
12-049869365-G-A	rs7132908	0.418628853909197
9-088200568-G-C	rs2814834	0.550813272608978
1-117368060-G-A	rs1146297	0.771017125064868
12-020439690-G-A	rs11045247	0.0674361302036052
12-122966218-G-C	rs4148856	0.793714956317642
16-089615232-G-A	rs28592184	0.00590142671854734
17-037683650-T-C	rs3094515	0.639084048920115
17-042554255-C-A	rs676387	0.25487012987013
2-016393401-G-A	rs11680058	0.875292283710055
3-072816032-C-T	rs13085136	0.0767680707228289
5-036208311-C-A	rs78923858	6.48760866744518e-05
5-043612526-A-T	rs13186372	0.0429256905719103
5-056512133-T-C	rs13153834	0.0805961910019321
9-022134095-T-C	rs10811661	0.160876328752917
9-136611268-C-T	rs7022365	0.667151547209733
1-002258038-T-C	rs12138597	0.39178135549208
10-069595941-G-T	rs190597808	0.00278714026445424
10-069686475-T-A	rs34673046	0.184463497012211
10-075484578-T-A	rs3012060	0.87516229550766
10-092679284-G-A	rs145532103	6.48004147226542e-05
10-113082265-C-G	rs137986049	0.025987525987526
12-026120155-C-G	rs1048155	0.599311956380631
1-096432746-G-A	rs12757257	0.282164328657315
1-184045459-G-C	rs1327123	0.344493563905864
10-073744271-T-A	rs7080579	0.577899258102304
11-128334215-C-T	rs34086018	0.0808146322480218
2-026338249-C-A	rs7603413	0.360315186246418
2-120351515-G-A	rs80136509	0.029038112522686
2-165320870-C-G	rs11674103	0.553226015837985
22-040144758-T-G	rs4586740	0.472270019854401
6-107105488-G-C	rs62427977	0.34313086548488
11-065558683-G-A	rs12789028	0.170024859348423
15-089863887-C-T	rs2165069	0.740942734709778
2-165756733-G-T	rs3791848	0.489979177511713
6-043301441-C-A	rs2841648	0.591034755134281
7-069306875-G-A	rs10950177	0.575491281483532
11-009834468-C-T	rs76789970	0.0973411154345006
12-004266923-C-T	rs4238013	0.783259278619969
15-057113476-A-G	rs2615231	0.406631989596879
3-023521172-A-G	rs59738871	0.18041304065463
4-118071040-G-C	rs13135646	0.869418044525452
10-069543377-C-T	rs2999170	0.0979388125486129
10-100660841-T-G	rs61607357	0.403851209253417
10-113010885-G-A	rs140908036	0.0116083009079118
12-131996729-C-T	rs7302504	0.0763988056601324
20-046924467-G-A	rs67559658	0.0557217165149545
9-022015466-C-A	rs1101330	0.39705499087829
17-059895735-C-T	rs8068913	0.244536940686785
19-047097184-G-A	rs8101149	0.698415790157122
4-102804737-G-A	rs223423	0.474784988272088
4-156783307-A-G	rs4691378	0.310526315789474
5-158574128-G-A	rs2963470	0.230205088265836
6-137351238-G-C	rs9321595	0.780476686637145
8-127699497-G-A	rs17772814	0.0876134889753567
9-092682518-A-G	rs10992408	0.173983634238213
11-002217521-G-T	rs143000786	6.48845055800675e-05
11-010045715-G-C	rs7122422	0.461543458490321
15-031433572-T-C	rs7403010	0.264304291287386
6-165805703-T-C	rs77273391	0.000194678780012979
17-017848164-A-G	rs1108646	0.649146802136251
2-152717014-C-T	rs4664605	0.658765303464444
3-185424069-C-T	rs7629245	0.147910176531672
5-177299634-G-A	rs3088050	0.215491494611089
9-109175227-A-T	rs4978775	0.774768910298138
10-087961655-C-T	rs926091	0.130901287553648
10-113074652-G-A	rs145003494	0.00849435870833874
5-014768657-C-T	rs76549217	0.0257224309965012
5-056514478-A-T	rs256904	0.734866199012731
6-015382287-G-A	rs11751816	0.493043817448966
6-033834859-A-G	rs17600959	0.441027308192458
10-089683526-C-T	rs34379399	0.225718372123261
11-014649850-G-A	rs118115876	0.0201529289787455
13-041026551-G-C	rs9532707	0.405507208728406
2-043196731-G-A	rs4952673	0.455289836236028
7-128271570-A-G	rs76485553	0.000583809029579658
9-123061776-G-A	rs700059	0.863441558441558
9-130913063-T-C	rs10113902	0.409084967320261
11-013298347-A-G	rs7949336	0.277741683991684
11-113042331-C-A	rs10891494	0.13012454592631
15-039360852-A-C	rs10152999	0.579942805147537
16-003533173-C-T	rs3751837	0.227910602910603
18-023520540-G-A	rs1788819	0.65984671343206
19-044908684-T-C	rs429358	0.141795907728398
2-006019849-C-T	rs12468070	0.290676535514868
2-111130466-G-A	rs72836348	0.130036391993761
2-195838592-C-T	rs10198943	0.63321144051195
6-136970158-T-G	rs6917676	0.486317435496482
7-028123739-G-T	rs74847755	0.0439631694981196
1-107340421-A-G	rs12066815	0.231938669438669
10-092518928-G-A	rs145222716	0.000324170124481328
12-039022635-C-T	rs11514133	0.553043138277075
2-044583341-G-A	rs10201401	0.860952504541915
20-052427578-G-A	rs2426443	0.649987002859371
5-096513883-T-C	rs261966	0.439693267481154
7-048809912-G-A	rs11983595	0.277929509689166
9-022129903-T-G	rs139149176	0.0016850291639663
11-093280365-C-T	rs57235767	0.304367606915378
14-079358763-C-T	rs61993073	0.115004550773632
2-018520808-G-A	rs7579323	0.581684457172611
3-173396515-A-G	rs529200	0.553260587165498
11-017387083-C-T	rs5215	0.636618068211403
3-168501084-T-C	rs7631973	0.137942247658689
6-031171675-T-C	rs879882	0.635375232033943
10-119815023-G-A	rs12269193	0.207100977198697
11-002840929-A-C	rs4930013	0.338403536141446
21-045075080-T-C	rs9977825	0.645480037388169
22-024824639-C-T	rs7291042	0.332356007297368
7-077415447-T-G	rs9641219	0.430167597765363
8-104572800-C-T	rs28627996	0.0477210751850409
11-002476271-C-T	rs718579	0.566164045235929
11-002803799-C-T	rs57274815	0
11-061798436-T-C	rs174541	0.353576072821847
12-065851273-G-A	rs116257126	6.48004147226542e-05
16-020320415-C-G	rs73541251	0.0354780127124141
17-036510707-C-T	rs2306593	0.491264667535854
2-218835276-G-A	rs78058190	0.0554979253112033
3-149475897-T-C	rs1802837	0.41643889105818
7-015873963-A-C	rs38205	0.621960733324665
10-113062939-T-C	rs7070182	0.198623912761262
10-121077345-C-T	rs11199755	0.101154944199325
16-053804746-G-A	rs62033416	0.123605093868977
19-045231493-A-G	rs62118504	0.417402186800158
20-062642608-G-A	rs34885433	0.593377483443709
3-072740654-G-C	rs9880763	0.26395741365879
3-185542041-G-A	rs147676117	0.10708722741433
5-038032392-G-A	rs72732603	0.117711985456434
5-075948297-A-T	rs1404990	0.0882276675742253
5-102478905-A-G	rs17333350	0.322662337662338
9-037084343-A-G	rs6476613	0.339113428943937
1-213779649-T-C	rs12117411	0.200949161357431
11-002837316-C-T	rs2237897	0.0424448217317487
15-066727637-A-T	rs55970476	0.140740740740741
2-000636790-T-C	rs35142762	0.170348232848233
2-226056059-G-A	rs12613239	0.167598855359001
3-012420116-G-A	rs709156	0.289979231568017
6-020926938-T-TAG	rs9465936	0.00116806376253951
6-151818751-T-C	rs3853248	0.139932406083452
12-004409515-A-G	rs142409867	0.0060951886914797
19-007293549-C-T	rs10427109	0.961298295824119
12-121500382-C-G	rs10849893	0.390606729894764
14-101065517-A-G	rs61992671	0.481319968758136
16-028904206-G-A	rs10499	0.643127282211789
17-029321417-C-G	rs797971	0.462240772140342
1-154319844-G-A	rs1685635	0.539420703987531
10-079187681-T-C	rs697239	0.469143822268416
11-043854885-A-G	rs3736505	0.289935064935065
16-031118621-C-T	rs1978487	0.637563385775582
2-016088910-A-C	rs4668481	0.672303889683882
7-129755911-A-G	rs11557287	0.172205634168506
8-041642880-C-T	rs75445792	0.0112811203319502
11-002835794-G-C	rs61869847	0.0216714248637425
13-079013706-A-C	rs1576655	0.592729873845754
17-007049836-G-A	rs113748381	0.00719657676348548
20-059032308-C-T	rs45551238	0.00628808505121224
4-155781932-G-A	rs3775087	0.203530024749251
6-020725724-C-T	rs117267852	6.57289338766925e-05
8-072537705-G-A	rs7845090	0.708175277959451
9-022584585-A-G	rs1472495	0.61302130997516
9-104972433-A-G	rs4556142	0.617735014952542
11-002863080-C-T	rs116500286	0
11-030319178-G-A	rs2786257	0.650186438337246
11-061478142-G-T	rs2943800	0.882593457943925
17-082649954-C-A	rs4789816	0.325449569976544
2-147162645-T-C	rs7559658	0.190528777445758
2-226230042-A-G	rs2203452	0.642458100558659
6-139999771-C-T	rs13194747	0.195785091713282
10-026204863-T-G	rs11819063	0.16634012539185
2-160287568-T-C	rs77704424	0.0971339644663468
6-043791136-G-A	rs6905288	0.568418314255983
10-112971601-C-T	rs190373810	0.0128481194372667
10-113034148-T-C	rs140658764	0.00997797071400803
12-056752285-T-G	rs2277339	0.104877081681205
14-034986773-G-A	rs10149083	0.379213114754098
14-046827561-C-T	rs12896030	0.482269039518451
2-232819692-A-G	rs2305141	0.628847902324977
8-022638535-G-A	rs4872527	0.329523314716197
8-041369688-A-G	rs78623944	0.106683971447112
11-002720097-C-T	rs2283205	0.159008307372793
15-041823549-G-C	rs3959569	0.351157949518605
3-122247386-G-C	rs7635128	0.87553508885718
3-185796401-G-A	rs9808924	0.329300368227249
6-020926938-T-G	rs9465936	0.371306857221382
7-022819474-G-A	rs10259561	0.3607950830391
7-092606850-T-C	rs8179	0.781456953642384
9-123416925-C-T	rs7851052	0.200324464633355
11-002262720-C-T	rs79696944	0.0174561972744971
13-032980164-G-A	rs576674	0.83400337180651
3-063846426-A-G	rs832186	0.194024993491278
6-020718549-A-G	rs72832303	0.0211304122374903
7-090136894-G-A	rs39257	0.546436004162331
9-081377259-C-T	rs7861609	0.647234484549468
11-116809702-T-C	rs6589571	0.851235370611183
12-132493112-G-A	rs12811407	0.330839297332466
18-045369029-T-G	rs2247326	0.295561051809425
19-000818284-A-G	rs8108446	0.49902292860865
5-088387060-C-G	rs7442885	0.213951675759938
5-093571978-G-A	rs424482	0.853082414016872
5-134528909-G-A	rs329122	0.432376250487203
8-038493792-G-A	rs60128210	0.422212113335066
8-074289748-A-G	rs7813042	0.0153576982892691
10-111286621-C-G	rs11195508	0.145272090517241
11-009578396-A-G	rs3910384	0.396466614705118
2-226336993-C-G	rs10933138	0.768197234542134
6-038167954-A-C	rs12663450	0.000259403372243839
6-051564639-T-C	rs17667073	0.0263942931258106
1-102748718-G-A	rs6577334	0.363896848137536
1-200329063-C-T	rs10919896	0.00731261425959781
10-112962015-A-G	rs116313472	0.0364873622812703
10-113079113-C-T	rs7069881	0.355561344100026
13-030443121-C-T	rs12855502	0.267364724245578
15-061925899-T-C	rs146692251	0.00596241088788075
18-053313732-A-C	rs8089704	0.203167597040114
20-044420983-G-T	rs6073434	0.00421585160202361
22-035303766-G-A	rs138742	0.64134438305709
5-154168646-T-C	rs2099044	0.578001297858533
6-032785136-A-T	rs2621396	0.283055700156169
7-070236979-A-G	rs7790934	0.251397374236319
12-113685917-C-G	rs7307263	0.430755160700287
20-022568731-T-C	rs1203894	0.0535134433043252
15-040104990-C-G	rs34245505	0.203629032258065
15-040449096-G-A	rs12898690	0.399583766909469
21-041211877-G-C	rs28360503	0.153053286658888
3-136074815-C-G	rs28509770	0.249902584751266
5-103003035-C-G	rs78408340	0.00603974542148331
8-034646258-T-C	rs7844647	0.257349115504683
8-084714431-G-T	rs13266372	0.479120303704673
11-008666163-C-G	rs7110529	0.275585779692971
11-035412165-C-A	rs58090211	0.0142857142857143
12-089076974-C-G	rs10858821	0.335392819979188
6-020577236-A-G	rs147434309	0
8-115685649-A-G	rs720928	0.755295646523717
9-033658385-G-C	rs72709688	0.0946787800129786
9-116482904-G-A	rs7030607	0.36819893520322
12-006603814-G-A	rs7969177	0.160078023407022
16-001079010-C-A	rs4988483	0.0530686388997016
19-001646713-C-T	rs4807125	0.138116883116883
19-045711426-G-A	rs34505186	0.0598491317961856
8-009421064-G-T	rs62496161	0.0446532728451069
10-113113968-G-T	rs290476	0.504680187207488
12-003921938-C-T	rs10848958	0.203987530848162
12-026321934-G-A	rs10842708	0.725360342812622
12-045904652-T-C	rs1650007	0.525598450255985
12-062616578-A-G	rs10877892	0.203129074315515
14-069096578-A-G	rs10130013	0.339246263807667
7-127613497-G-T	rs3824004	0
10-113025167-C-T	rs180726800	0.0184679412147223
12-103269117-T-C	rs1520191	0.24574509549175
3-123474423-T-C	rs73856630	0.0106258908902423
4-003240118-C-T	rs362307	0.0812037877805163
4-018013533-T-A	rs16896276	0.256656708663463
6-021131432-T-C	rs74387263	0.0535968891769281
16-073063130-G-A	rs7498798	0.643108389786347
5-014755810-C-T	rs147581833	0.00453720508166969
6-001893912-G-C	rs3800120	0.985934664246824
6-139686740-T-C	rs17069206	0.124059662775616
8-104650145-A-G	rs112515915	0.0711220907554284
10-086353858-A-T	rs10788495	0.498436278342455
19-019277691-A-T	rs8107974	0.0702850449043343
7-044111410-C-T	rs62460065	0.464911134343962
8-094990015-C-T	rs117440460	0.0383668178872327
1-039337900-G-A	rs188918325	0.0113187680968676
1-204570163-A-G	rs6689629	0.208793349785686
10-078687790-T-G	rs3844124	0.0310514715415532
17-045140892-A-G	rs11653796	0.257410296411856
18-055179494-T-G	rs1942569	0.493304732189288
2-026975798-G-A	rs72806909	0.0392347600518807
5-056566067-G-A	rs9687846	0.182831950207469
7-015025378-T-C	rs4719433	0.53811630024717
7-051020102-A-G	rs735048	0.805025321386833
7-128262106-C-T	rs34821625	0.517475221700574
8-013650803-A-G	rs10087481	0.627227787173149
9-081694033-G-A	rs2796441	0.392430537522721
10-100152307-T-C	rs2862954	0.474691758598313
12-020426458-G-C	rs7488780	0.233065144043602
16-083946924-C-G	rs4782568	0.469521705224851
17-017439454-C-G	rs12453750	0.366636351825387
2-148810827-C-T	rs4499362	0.197870682939496
2-178575302-G-A	rs12464787	0.322050415800416
20-044627796-G-A	rs56062745	0.0689722294316117
3-185175349-A-G	rs16859748	0.154530114226376
5-068418419-A-G	rs4976033	0.42456504803947
6-051350355-C-G	rs1327271	0.695420244600573
13-091310826-A-T	rs1475655	0.26621604055635
19-012398722-C-A	rs4804181	0.797128751461608
2-027102969-T-A	rs4665372	0.507922077922078
2-162854627-C-G	rs1492989	0.615009112210362
2-164912541-A-G	rs9287852	0.609716441207076
3-172281039-C-T	rs4894537	0.366640543364681
10-012139763-G-A	rs11257562	0.333706238483812
14-100772750-G-A	rs10147577	0.00318099195014282
19-022096450-C-G	rs4932747	0.54678552837064
2-104573962-G-A	rs10496386	0.453317750941436
3-070436064-C-G	rs149800825	0.198712948517941
5-014826084-T-G	rs79190780	0
11-032906232-G-T	rs145678014	0.0382044560943644
11-093245692-A-G	rs141307757	0.0643422932086742
2-119524439-C-T	rs2244214	0.464495114006515
6-028884587-G-A	rs6456865	0.125600103801739
6-039101515-T-C	rs57143316	0.0470046680497925
6-052762524-G-A	rs2749014	0.655977624560947
6-154083178-A-G	rs3778156	0.169950738916256
7-050955624-C-T	rs720068	0.959924655754742
9-123762933-A-G	rs2479106	0.327240796149343
12-017059947-G-A	rs10744146	0.521331945889698
12-124029230-T-G	rs34680764	0.103631647211414
16-020243801-T-C	rs11074446	0.135915401582977
19-007226179-G-A	rs4804420	0.776953125
19-018701214-A-G	rs4808845	0.392987249544627
2-111496274-T-C	rs1345203	0.206683971447112
6-026330264-T-G	rs9358927	0.395404842488935
7-074018300-A-G	rs7792074	0.445577347707494
9-128371068-A-T	rs11999061	0.266171100678143
15-083084960-A-G	rs28538218	0.408760072783988
16-053509293-A-G	rs113810193	0.0587396265560166
3-024952271-C-G	rs36052996	0.269994772608468
7-014858657-C-T	rs17168486	0.174616584351443
7-157170180-G-A	rs6956046	0.32909211398277
5-052789569-T-C	rs3762991	0.79705156513833
8-142057348-C-T	rs10096860	0.489921976592978
10-113068835-T-C	rs112694314	0.000584871328307772
14-100803882-C-T	rs61385262	0.0214202258860184
15-038535939-G-T	rs8043085	0.237693206909988
15-098695432-C-T	rs62024481	0.199195432130807
2-159818145-C-A	rs6720948	0.639625585023401
20-001913101-T-C	rs4813319	0.366445052796246
5-054207267-A-T	rs139330292	0.0610088174273859
7-117870567-C-T	rs13239186	0.342272727272727
9-134284486-G-A	rs72619339	0.119883040935673
1-032837513-C-T	rs139751114	0.18034398034398
1-082000094-G-A	rs4970658	0.255001299038711
1-177946643-A-G	rs74128490	0.189834699986984
14-100689199-C-T	rs7145337	0.711155896502405
18-002846814-A-T	rs11664106	0.34971965054114
9-095516131-C-T	rs113154802	0.108048877672998
1-039570256-G-T	rs3768321	0.20413855734302
12-000395631-C-T	rs2007537	0.726857887874837
14-050188639-G-C	rs72681869	0.00596163815448419
16-081501185-T-C	rs2925979	0.704112076793358
17-067829238-C-T	rs12601921	0.193687618019962
19-003184012-C-G	rs75620555	0.0034357578114871
2-043384744-T-C	rs76675804	0.087628196806439
2-218001763-C-T	rs76480788	0.0274732445836596
20-032440920-A-G	rs1737897	0.961668180049293
3-185830852-A-G	rs138878099	0.0356448476992871
4-045073494-C-T	rs77348094	0.0488326848249027
8-117129049-C-T	rs10088883	0
8-131863073-C-T	rs7828631	0.10337224383917
10-028914138-C-A	rs35575195	0.109547282397198
10-112943576-G-A	rs149911199	0.0281168831168831
18-055761116-C-T	rs17089932	0.243315160955348
20-058840055-A-G	rs1800900	0.642023856337659
6-053260902-G-C	rs2817111	0.479207404510494
8-042045884-T-C	rs4454259	0.0751288489493855
10-054011141-G-C	rs11598843	0.246619864794592
11-066293067-G-T	rs3814738	0.188802083333333
14-076834520-C-T	rs2056857	0.39893478825669
15-076145642-T-G	rs8043371	0.151996370235935
2-043342589-C-T	rs62137415	0.0904020752269779
21-046352525-G-A	rs9983528	0.133095392602206
3-185831346-A-T	rs73175581	0.0792611795204148
6-034241504-T-A	rs4713761	0.023936170212766
10-079251832-C-T	rs11002892	0.333788529067499
11-002735735-C-T	rs11023938	0.180434499804865
12-027659404-G-A	rs61917473	0.137809647979139
14-032834334-C-T	rs12883788	0.469229759874032
2-157533956-T-C	rs7594480	0.0690281562216167
5-133059845-T-G	rs55914434	0.258085465644889
11-002558833-G-A	rs2283167	0.159433471933472
11-008233861-C-A	rs2168101	0.313970110461339
14-089589124-G-T	rs35889227	0.612607338017174
5-044682487-A-G	rs6884702	0.406428943258719
7-049553347-C-T	rs7458670	0.385244836991817
1-065523023-A-G	rs1571151	0.0872017634854772
10-023189705-C-T	rs72802150	0.245446265938069
10-113005631-G-A	rs61872774	0.0112148321016466
10-113111936-G-A	rs193023456	0.00725764644893727
12-121079806-C-T	rs74627567	0.0482217030114226
15-062099409-C-T	rs7163757	0.438571428571429
17-037687414-A-G	rs3110641	0.776166948381225
20-044370793-G-A	rs112845208	0
10-112996700-G-A	rs117987174	0.0119865232603343
11-076186330-T-C	rs17749202	0.345637146211034
18-076870384-T-C	rs2658746	0.399909126314423
3-058304631-T-C	rs62259319	0.253865142263219
6-038985559-C-A	rs1412265	0.333485045513654
7-055753863-T-C	rs10249231	0.174905929674322
8-075763952-T-C	rs2920928	0.582000260111848
8-117014102-A-G	rs78086284	0.0265819502074689
9-114425289-G-T	rs2274162	0.215289525048796
10-033711784-G-A	rs75888368	0.0825288281040493
10-112951117-C-T	rs78277257	0.00180168156946483
18-038698745-T-C	rs62080313	0.116941237514593
2-212822379-T-C	rs75179644	0.000907794060433147
5-088642739-T-A	rs7703782	0.137225613716067
7-036695748-A-G	rs4720212	0.56495193556768
8-019975645-A-T	rs80073370	0.0728855398207094
8-023714294-G-A	rs17089546	0.242664243053752
9-113902565-T-C	rs10116566	0.259276076803321
9-131995368-T-G	rs4382592	0.6948127925117
11-047790381-A-G	rs2125838	0.445221597594457
14-029275326-A-G	rs8005994	0.331836522191852
16-053393509-C-T	rs117515728	0.0326030593725694
17-075182216-T-C	rs10401019	0.709241613366401
7-018271437-G-C	rs302177	0.736226611226611
8-009325848-A-G	rs9987289	0.911703646036071
8-012760716-T-A	rs12680692	0.322515345435549
9-019074540-A-G	rs12380322	0.380615424565048
1-200228410-A-G	rs12128213	0.505148592283629
12-120748270-G-A	rs142775453	0.00751087099749638
14-076913361-A-G	rs72627182	0.14204914835522
16-004311137-T-C	rs56104880	0.315552950371239
17-003924792-C-G	rs1043246	0.155441425042257
20-033849336-C-T	rs1810534	0.51995061086561
21-038803710-C-T	rs11911369	0.115334292816957
6-036651044-C-T	rs1321313	0.23302168549539
6-100149018-T-C	rs11155284	0.206321391484943
9-032094195-C-G	rs10970761	0.217193393159058
9-079293071-A-G	rs67269808	0.0550434895495262
13-026228662-T-C	rs512306	0.143914794129108
15-043602920-T-C	rs2447198	0.0895316804407714
3-188352486-T-C	rs79786949	0.093486440897885
7-107074264-T-C	rs7808028	0.683047967585936
8-018011012-T-C	rs1978054	0.715046085940543
9-022136441-G-C	rs12555274	0.265809635112323
10-092395742-C-T	rs2259049	0.345313921747043
18-060361739-G-T	rs78769612	0.0183045566662339
2-174376838-G-A	rs72917544	0.173051431601273
7-045524543-G-C	rs77211442	0.0238558278231557
7-100729466-G-C	rs4727462	0.884125746947259
11-002874036-C-A	rs77355428	0.000196747114375656
16-088488072-T-C	rs9937296	0.865999480114375
17-073010373-A-C	rs11077654	0.858746431352193
2-170818186-T-C	rs2270335	0.758672798948752
5-072731415-G-A	rs150100713	0.152422392518509
7-157009006-G-T	rs78596384	0.0199922108269505
10-113122086-A-G	rs143876660	0.0085547634478289
15-063805739-C-T	rs1396713	0.544117647058823
16-020359659-A-C	rs9929710	0.515125941313944
18-075789520-C-G	rs12964145	0.711336190105181
20-063814349-G-A	rs73143584	0.107500324970753
3-141434703-A-C	rs75206890	0.0399039709317415
4-056568575-A-G	rs4568288	0.500519818063678
7-076928954-G-A	rs3926926	0.218847554630593
10-091685918-T-A	rs61876142	0.157853709237365
11-034884300-T-A	rs2956088	0.685803351084556
20-051536805-T-C	rs3787186	0.640629061606447
8-143423963-G-C	rs13267937	0.749934980494148
10-112849304-A-C	rs1327692	0.721897715472482
4-075586445-A-T	rs13142804	0.401744719926538
13-053533448-G-T	rs9568868	0.131431912681913
14-079704527-A-AGACAAG	rs2371064	0
18-063314935-T-G	rs12455492	0.0902777777777778
19-041341832-G-A	rs11466334	0.00025953802232027
7-074720592-T-C	rs35005436	0.167402024396574
11-002813231-C-A	rs140400323	6.48508430609598e-05
15-065450712-A-G	rs12909009	0.194822888283379
2-060359572-C-G	rs243018	0.459542084037986
7-102417732-C-T	rs12534945	0.242770767613039
13-094008315-A-G	rs9561488	0.312313481250811
14-058285869-G-C	rs7147757	0.581934140309775
2-228119154-A-G	rs13022070	0.470932500975419
3-187040207-A-T	rs2268532	0.155690951516723
8-030978019-A-G	rs2042073	0.590536851683348
10-023289248-C-T	rs117414485	6.48340248962656e-05
11-028700109-A-T	rs486129	0.308647594278283
12-111803962-G-A	rs671	0
15-040340937-A-T	rs4924455	0.079546942516695
16-081575948-G-A	rs7189295	0.584318565674938
17-037728338-G-A	rs12943407	0.141820768136558
2-027518766-C-G	rs8179236	0.0590867816837463
5-079211594-A-G	rs7445125	0.37012987012987
6-020528823-C-T	rs142609509	0.0281644334590868
6-043772252-C-T	rs833067	0.48717113831727
9-014130240-C-T	rs4740559	0.139408099688474
9-136347375-T-C	rs28533815	0.734299200209781
1-227211513-C-T	rs12068632	0.350689027561102
1-229537208-G-A	rs348330	0.649220779220779
10-113037712-C-G	rs17685538	0.120103761348898
14-079476304-G-A	rs7156625	0.227444097763911
16-025225634-T-C	rs10852284	0.615545668673122
2-104849547-G-A	rs1451533	0.266177234927235
20-034087161-C-T	rs4911405	0.681599479843953
22-029761951-T-C	rs131285	0.473975276512687
6-020506584-A-G	rs12206516	0.178394901144641
8-026015118-A-G	rs17818197	0.206645898234683
1-026112442-T-C	rs61776586	0.1574122236671
10-043547906-T-A	rs2393960	0.541877678223607
11-069648505-G-A	rs3918298	0.0261963428867851
12-004275678-T-G	rs76895963	0.0230729234368907
2-059300261-G-A	rs72806282	0.0270428015564202
20-050215483-T-C	rs6091115	0.470393455395403
3-089937130-T-C	rs11716527	0.0916536661466459
13-032948203-T-G	rs57358169	0.000842623800881514
17-037670407-A-C	rs3094503	0.185341469748117
17-037742390-A-G	rs11651052	0.552514985665885
3-132034844-T-C	rs7649058	0.313383045525903
10-050849248-T-C	rs12570156	0.278628927551285
14-103780025-T-C	rs113345285	0.141933376877858
17-063483402-T-C	rs4311	0.53132718055375
2-065434334-A-C	rs12185610	0.391705668226729
3-186947857-C-T	rs3887925	0.537417175522931
4-152599323-C-T	rs6813195	0.278811134235172
8-117058719-G-T	rs147643814	0
10-068618382-C-A	rs2664419	0.612829845313922
11-128519496-C-T	rs11819995	0.19494936380161
12-004567733-C-G	rs10849094	0.0527784990911452
19-001865674-A-G	rs28626548	0.172936735225202
2-233282457-T-A	rs117809958	0.00175097276264591
6-028884587-G-GT	rs6456865	0.000129752173348904
6-035291620-C-T	rs33959228	0.0208982346832814
1-203549745-A-C	rs13303359	0.512233211868818
13-065630748-T-C	rs9564268	0.618921425732079
16-024805171-A-G	rs2059134	0.274909185262065
17-063589646-C-T	rs72845888	0.0680845545324861
17-067655152-G-A	rs77746881	0.0986116517451667
19-020028425-T-A	rs150617279	0.0875178409238355
19-045653761-A-G	rs10406431	0.438028352191442
5-077139179-G-A	rs7732130	0.71170585942575
9-001036193-A-G	rs7870869	0.315744736497973
9-004248138-T-C	rs145500238	0.00045360290305858
9-095066707-T-C	rs10121760	0.897287827666753
10-079299578-G-T	rs1250551	0.368503118503119
11-092936020-G-A	rs61901515	0.0313275029369534
3-009476827-C-T	rs2279440	0.155174652642514
1-040237572-G-A	rs35042446	0.0353901996370236
1-212987484-G-A	rs3123307	0.301137849856134
13-050519978-T-G	rs9316500	0.297803197712206
14-100788835-A-G	rs73347525	0.192227844816401
15-074036852-T-C	rs7183908	0.522804054054054
16-053769662-T-A	rs1558902	0.431063663585471
5-053987800-T-A	rs1694068	0.603050936231505
6-033584930-A-C	rs75080135	0.206892067620286
6-104587076-C-T	rs11755801	0.0958868561048398
7-157002289-A-G	rs887609	0.78053708773302
1-210188006-C-A	rs77570671	0.137371902970554
17-079922965-T-C	rs62076641	0.259557867360208
3-066864334-T-C	rs7648830	0.572367564753352
6-131605867-C-G	rs2749924	0.193799455182254
1-045782973-C-T	rs4626927	0.447782546494993
11-028485842-T-G	rs4923542	0.345069507600364
12-004297670-C-A	rs3217907	0.348876698014629
19-049530844-G-A	rs73582456	0.0763942931258106
5-053472490-G-A	rs62370474	0.225630361320509
6-039320540-G-A	rs114635781	0.0101868673760706
8-125633566-T-C	rs13273592	0.278242677824268
1-015993462-C-T	rs10927878	0.320731389901093
5-087225148-T-A	rs13185500	0.276663993584603
11-030586586-G-A	rs11031140	0.194986979166667
11-103150242-T-C	rs634366	0.73960498960499
15-047123337-A-G	rs62015803	0.36921371756422
16-077198849-A-C	rs72798545	0.14765057113188
2-025715208-A-T	rs41521945	0.225331082835627
22-043928850-C-T	rs738408	0.22431797415481
3-043861002-G-C	rs6809096	0.265588464536243
7-150611760-C-T	rs55681398	0.243111515466597
10-063154707-A-G	rs1046521	0.284861075045443
11-043913042-C-T	rs7115013	0.439949346840842
11-049455714-T-C	rs6485981	0.932606155044799
15-040091931-G-A	rs16970349	0.0503355704697987
15-052295543-G-T	rs149336329	0.0319536639333594
15-093288838-G-A	rs7167984	0.124007290717355
17-007634474-T-C	rs727428	0.57413680781759
3-036827948-T-C	rs4789	0.532843392299688
4-000731320-G-T	rs56121601	0.0341336794289422
5-128070567-G-T	rs6888037	0.791194477009248
6-163464919-T-A	rs2759398	0.299986999479979
9-134047504-C-T	rs459571	0.285667879417879
1-212219611-T-C	rs6540733	0.384525509541737
19-007903283-G-A	rs2115107	0.393362774386284
19-019210016-C-G	rs150057262	0.0140241527074406
20-052680009-G-A	rs1523539	0.32572695266658
3-125362577-C-T	rs13086821	0.735659455687369
13-098457562-T-G	rs3783007	0.357811470006592
19-045905754-A-G	rs11083785	0.596228868660598
2-060305473-A-G	rs7608259	0.10987012987013
6-161273147-T-G	rs1321850	0.239040207522698
8-056587427-G-C	rs74942620	0.294220779220779
16-000250389-T-C	rs55857387	0.20149544863459
4-076611371-G-A	rs62300927	0.357572586973581
5-056900777-G-A	rs96844	0.720488819552782
7-004651429-C-T	rs28411900	0.127336448598131
7-130748625-C-T	rs4731702	0.494669786791472
17-082726104-C-T	rs9895455	0.284515289525049
3-057780135-T-C	rs9815266	0.431888964116452
5-078084899-G-T	rs252761	0.597902553413236
6-015474820-T-A	rs727734	0.751265740620537
6-043846453-C-T	rs6458354	0.708425576246907
7-013945841-A-T	rs62454583	0.126734085310515
8-010926259-T-C	rs10086521	0.648126463700234
8-071507263-T-G	rs10096191	0.0671506352087114
9-126698448-G-A	rs35632228	0.108288943744316
12-033217471-G-A	rs6488140	0.14024944783682
17-001606754-A-G	rs9893867	0.199857012868842
19-049509317-G-A	rs34010237	0.170961863855265
3-012288284-C-T	rs17036160	0.128346143652266
4-105128259-A-T	rs10488913	0.107281931464174
8-144118266-A-G	rs149587589	0.0317636316201409
11-009516357-G-C	rs10743108	0.975706141487432
12-004471074-A-G	rs75291436	0.0106341589936454
17-072648893-G-A	rs61736066	0.080974025974026
5-134905755-G-A	rs319597	0.571512081060016
5-159786678-A-G	rs17057112	0.0622325943212758
6-039080284-C-T	rs9366994	0.113305613305613
9-081626393-C-T	rs815843	0.919833960306136
10-123476231-A-G	rs7914985	0.356279251170047
12-066033055-T-C	rs7397918	0.686434058065356
16-053809711-G-A	rs139891432	0.0224354817792764
22-045919072-T-C	rs9723065	0.128857924208881
4-084418465-T-C	rs117624659	0.00369793694044375
7-127613496-C-T	rs2233580	6.48508430609598e-05
