index_snv	pos_id_b38	l2g_gene
rs12138597	1-002258038-T-G	
rs12402498	1-006613720-C-G	
rs6697896	1-011241139-C-G	
rs12746673	1-015723975-A-C	
rs10927878	1-015993462-C-T	
rs10916784	1-020402958-G-C	
rs12119086	1-024045018-G-A	
rs61776586	1-026112442-T-C	
rs2873789	1-028665035-C-A	
rs139751114	1-032837513-C-T	
rs11576244	1-036292460-C-T	
rs188918325	1-039337900-G-A	
rs3768321	1-039570256-G-T	PABPC4
rs35042446	1-040237572-G-A	
rs4626927	1-045782973-C-T	
rs2008713	1-047236696-T-C	
rs12063943	1-050757591-T-C	
rs12140915	1-057789510-C-G	
rs12140153	1-062114219-G-T	PATJ
rs2269247	1-063641613-C-T	PGM1
rs10789175	1-065197298-A-G	
rs1571151	1-065523023-A-G	
rs2815749	1-072349100-A-G	NEGR1
rs4970658	1-082000094-G-A	ADGRL2
rs6692233	1-083861531-G-A	
rs6604014	1-092750161-T-C	
rs11165431	1-095497617-A-G	
rs321234	1-096013510-T-A	
rs12757257	1-096432746-G-A	
rs1410467	1-098421040-C-T	
rs6577334	1-102748718-G-A	COL11A1
rs12066815	1-107340421-A-G	
rs333947	1-109928142-G-A	CSF1
rs12033257	1-111775862-A-G	
rs1127215	1-116990168-C-T	
rs1146297	1-117368060-G-A	
rs320369	1-117600895-A-G	TENT5C
rs2493389	1-119931555-C-T	
rs59689207	1-147250829-G-A	
rs80296758	1-147629554-T-C	
rs12758483	1-150543268-T-C	
rs116279971	1-150712010-T-C	
rs35550545	1-151027707-G-A	
rs4971038	1-151387002-G-A	
rs1685635	1-154319844-G-A	
rs4971072	1-155304078-G-A	
rs2227199	1-172390640-A-G	
rs539515	1-177919890-A-C	SEC16B
rs74128490	1-177946643-A-G	
rs2816177	1-179279817-A-G	ABL2
rs4129858	1-183035199-A-G	LAMC1
rs1327123	1-184045459-G-C	TSEN15
rs12025652	1-198482006-A-G	
rs12128213	1-200228410-A-G	NR5A2
rs10919896	1-200329063-C-T	
rs10920270	1-201887393-C-G	
rs13303359	1-203549745-A-C	
rs6689629	1-204570163-A-G	
rs4951159	1-205042978-G-C	
rs4950978	1-205055445-C-T	
rs708723	1-205770138-C-T	RAB29
rs11120291	1-206442751-G-A	
rs77570671	1-210188006-C-A	
rs11277	1-211571812-C-G	
rs6540733	1-212219611-T-C	
rs3123307	1-212987484-G-A	
rs11120157	1-213541038-G-A	
rs12117411	1-213779649-T-C	
rs61818951	1-213856235-C-G	
rs17712208	1-213977102-T-A	PROX1
rs340874	1-213985913-T-C	PROX1
rs76378634	1-214043603-A-G	
rs72755403	1-214050065-T-C	
rs74139610	1-214110967-A-G	
rs1415287	1-219569195-C-T	ZC3H11B
rs12068632	1-227211513-C-T	CDC42BPA
rs348330	1-229537208-G-A	ABCB10
rs1726669	1-236264087-A-T	
rs62107261	2-000422144-T-C	
rs35142762	2-000636790-T-C	TMEM18
rs147020059	2-005691800-G-C	
rs12468070	2-006019849-C-T	SOX11
rs12328987	2-008490619-G-A	
rs4668481	2-016088910-A-C	
rs11680058	2-016393401-G-A	FAM49A
rs5023163	2-016482473-C-T	
rs7579323	2-018520808-G-A	
rs13023418	2-025346954-A-G	
rs41521945	2-025715208-A-T	
rs7603413	2-026338249-C-A	
rs72806909	2-026975798-G-A	
rs4665372	2-027102969-T-A	
rs1260326	2-027508073-T-C	GCKR
rs8179236	2-027518766-C-G	
rs1012311	2-040247882-G-C	
rs11124906	2-042970081-G-C	
rs4952673	2-043196731-G-A	ZFP36L2
rs62137415	2-043342589-C-T	
rs76675804	2-043384744-T-C	THADA
rs10201401	2-044583341-G-A	CAMKMT
rs12712928	2-044964941-G-C	SIX3
rs11691374	2-047928345-C-A	
rs6741951	2-058731977-G-A	
rs17049820	2-058912372-T-C	
rs117882378	2-058917556-T-C	
rs7599151	2-059080966-A-G	
rs72806282	2-059300261-G-A	
rs980329	2-060057965-T-C	
rs7608259	2-060305473-A-G	
rs243018	2-060359572-C-G	BCL11A
rs6545816	2-060487726-A-C	
rs2540949	2-065057097-A-T	CEP68
rs61748094	2-065344755-G-C	SPRED2
rs12185610	2-065434334-A-C	
rs2049019	2-066444726-C-A	
rs12713597	2-067393935-T-C	
rs10180252	2-070112352-C-T	
rs10496386	2-104573962-G-A	
rs1451533	2-104849547-G-A	POU3F3
rs72836348	2-111130466-G-A	BCL2L11
rs1345203	2-111496274-T-C	
rs3731600		
rs2244214	2-119524439-C-T	
rs80136509	2-120351515-G-A	
rs11902253	2-120457574-C-T	
rs11688682	2-120590036-G-C	GLI2
rs10864859	2-120682642-G-T	GLI2
rs6705150	2-144498978-C-T	ZEB2
rs72854449	2-144946853-A-G	ZEB2
rs7609422	2-145590469-G-A	
rs7559658	2-147162645-T-C	
rs4499362	2-148810827-C-T	
rs10174715	2-151310003-T-C	
rs4664605	2-152717014-C-T	PRPF40A
rs7594480	2-157533956-T-C	
rs720159	2-157992292-G-A	
rs6720948	2-159818145-C-A	
rs77704424	2-160287568-T-C	
rs58757862	2-160378941-C-T	
rs10490563	2-161057657-G-A	
rs1492989	2-162854627-C-G	
rs192885976	2-164413121-C-T	
rs6757477	2-164481204-G-A	
rs72874860	2-164595252-G-C	
rs10184004	2-164651879-C-T	COBLL1
rs74459242	2-164722092-C-T	
rs9287852	2-164912541-A-G	
rs11674103	2-165320870-C-G	
rs3791848	2-165756733-G-T	
rs13387347	2-168898336-T-C	SPC25
rs2270335	2-170818186-T-C	
rs72917544	2-174376838-G-A	CIR1
rs12464787	2-178575302-G-A	
rs12467798	2-180702465-C-A	UBE2E3
rs10198943	2-195838592-C-T	
rs1991371	2-202553814-G-A	
rs4482463	2-204511186-C-A	PARD3B
rs11692908	2-208004056-T-C	
rs75179644	2-212822379-T-C	
rs16849467	2-212954007-T-C	IKZF2
rs2288176	2-217919808-T-A	TNS1
rs76480788	2-218001763-C-T	
rs10193189	2-218322880-C-A	
rs78058190	2-218835276-G-A	
rs12613239	2-226056059-G-A	
rs2203452	2-226230042-A-G	
rs10933138	2-226336993-C-G	IRS1
rs13022070	2-228119154-A-G	
rs2305141	2-232819692-A-G	
rs72976321	2-233276893-C-T	
rs117809958	2-233282457-T-A	
rs6706384	2-233398336-G-T	DGKD
rs12999257	2-238947706-G-C	
rs2279440	3-009476827-C-T	
rs308958	3-012148010-T-A	
rs17036160	3-012288284-C-T	PPARG
rs709156	3-012420116-G-A	
rs58691354	3-012456095-C-T	
rs7650482	3-012800305-A-G	CAND2
rs9818385	3-013385447-G-A	
rs924753	3-015664617-G-A	ANKRD28
rs9878064	3-018774426-G-A	
rs138043981	3-023008057-T-C	
rs13094957	3-023415589-T-C	UBE2E2
rs59738871	3-023521172-A-G	
rs76435632	3-023590683-C-G	
rs36052996	3-024952271-C-G	
rs6808550	3-025066375-A-G	
rs6766511	3-035617852-T-G	
rs4789	3-036827948-T-C	
rs935112	3-042270000-A-G	
rs6809096	3-043861002-G-C	
rs11926707	3-046884049-T-C	PTH1R
rs2624847	3-050136764-G-T	
rs11707129	3-052082220-G-C	
rs2581787	3-053093661-G-T	
rs76263492	3-054794800-G-T	CACNA2D3
rs9815266	3-057780135-T-C	SLMAP
rs62259319	3-058304631-T-C	
rs832186	3-063846426-A-G	
rs2292662	3-063911539-C-T	ATXN7
rs4132228	3-064722438-C-T	ADAMTS9
rs7648830	3-066864334-T-C	
rs149800825	3-070436064-C-G	
rs844215	3-071606894-C-T	FOXP1
rs9880763	3-072740654-G-C	
rs13085136	3-072816032-C-T	SHQ1
rs2272163	3-077622570-C-A	ROBO2
rs62257270	3-086860983-C-T	
rs11716527	3-089937130-T-C	EPHA3
rs580585	3-094486924-T-G	
rs775230	3-113282859-A-G	
rs9822860	3-115224932-C-T	
rs7635128	3-122247386-G-C	
rs1393202	3-122311754-T-C	
rs4482616	3-123300116-A-G	
rs11708067	3-123346931-A-G	ADCY5
rs73856630	3-123474423-T-C	
rs9873519	3-125202613-C-T	SLC12A8
rs13086821	3-125362577-C-T	
rs6762578	3-129273204-G-A	
rs78252470	3-129601687-A-G	
rs7649058	3-132034844-T-C	CPNE4
rs28509770	3-136074815-C-G	
rs9878031	3-136798018-T-C	
rs1679147	3-138378695-A-G	
rs75206890	3-141434703-A-C	ZBTB38
rs1802837	3-149475897-T-C	
rs62271373	3-150348753-T-A	TSC22D2
rs13066678	3-152369044-G-T	
rs9873341	3-152669934-T-C	
rs75417759	3-152812238-C-T	
rs9854955	3-157077736-A-G	
rs1047210	3-160436470-A-C	
rs7631973	3-168501084-T-C	
rs1514895	3-170987904-A-G	SLC2A2
rs6779848	3-171047691-C-T	
rs4894803	3-172082466-A-G	FNDC3B
rs4894537	3-172281039-C-T	
rs529200	3-173396515-A-G	NLGN1
rs2313211	3-184020838-T-A	ABCC5
rs6443954	3-184185013-T-C	
rs16859748	3-185175349-A-G	
rs7629245	3-185424069-C-T	
rs147676117	3-185542041-G-A	
rs73885749	3-185543570-C-T	
rs192540172	3-185744240-A-G	
rs146998369	3-185772046-C-A	
rs9808924	3-185796401-G-A	IGF2BP2
rs138878099	3-185830852-A-G	
rs73175581	3-185831346-A-T	
rs869400	3-186108951-T-G	ETV5
rs3887925	3-186947857-C-T	ST6GAL1
rs2268532	3-187040207-A-T	
rs35404821	3-187967188-C-T	
rs6777684	3-188024054-A-G	LPP
rs12490232	3-188322802-T-C	
rs79786949	3-188352486-T-C	
rs9877493	3-196105276-T-C	TFRC
rs56121601	4-000731320-G-T	
rs34311866	4-000958159-T-C	TMEM175
rs730831	4-001246511-T-G	CTBP1
rs144186803	4-001270725-C-T	
rs6831006	4-001782878-G-C	FGFR3
rs362307	4-003240118-C-T	HTT
rs4450871	4-004988571-A-G	CYTL1
rs13130845	4-006295919-A-C	
rs147834269	4-006302004-G-A	
rs16896276	4-018013533-T-A	LCORL
rs13109789	4-018955622-G-C	
rs2046438	4-020031849-G-C	
rs34811474	4-025407216-G-A	ANAPC4
rs58015370	4-039412030-A-T	KLB
rs77348094	4-045073494-C-T	
rs10938397	4-045180510-A-G	GNPDA2
rs62310934	4-048878610-C-G	OCIAD2
rs114447556	4-052340927-C-T	
rs4568288	4-056568575-A-G	
rs10433674	4-070896009-C-T	
rs13142804	4-075586445-A-T	
rs4624679	4-076136669-C-A	
rs62300927	4-076611371-G-A	
rs79920718		
rs117624659	4-084418465-T-C	
rs144589448	4-084478183-T-C	
rs7697644	4-088811725-C-G	
rs7676797	4-094178043-G-A	
rs2289043	4-095185171-A-G	UNC5C
rs1229984	4-099318162-T-C	ADH1B
rs2850960	4-101251686-C-G	
rs223423	4-102804737-G-A	
rs10488913	4-105128259-A-T	
rs13135646	4-118071040-G-C	
rs4833686	4-120841248-T-C	
rs4975198	4-128251968-C-T	
rs72675820	4-129824994-A-C	
rs1296328	4-136162038-A-C	
rs56218782	4-139972133-T-C	MAML3
rs12500603	4-143521099-A-G	SMARCA5
rs11727676	4-144737912-T-C	HHIP
rs6813195	4-152599323-C-T	FBXW7
rs3775087	4-155781932-G-A	
rs4691378	4-156783307-A-G	
rs550072	4-170158786-T-C	AADAT
rs10006596	4-177989153-T-C	
rs7683525	4-184784999-C-T	
rs72695645	4-184792454-G-A	ACSL1
rs59972619	4-184853716-A-G	
rs11724862	4-185651349-T-C	
rs17250977	5-014753636-A-G	ANKH
rs147581833	5-014755810-C-T	
rs6885132	5-014767983-C-G	ANKH
rs76549217	5-014768657-C-T	ANKH
rs79190780	5-014826084-T-G	
rs78923858	5-036208311-C-A	
rs72732603	5-038032392-G-A	
rs13186372	5-043612526-A-T	
rs6884702	5-044682487-A-G	MRPS30
rs117870891	5-050616510-T-C	
rs62366901	5-050634452-T-G	
rs17261179	5-052495391-T-C	
rs3762991	5-052789569-T-C	
rs62370474	5-053472490-G-A	
rs889292	5-053555061-T-C	
rs1694068	5-053987800-T-A	ARL15
rs39671	5-054169956-T-C	ARL15
rs139330292	5-054207267-A-T	
rs3911664	5-056465350-G-A	
rs13153834	5-056512133-T-C	
rs256904	5-056514478-A-T	
rs9687846	5-056566067-G-A	MAP3K1
rs96844	5-056900777-G-A	SETD9
rs861293	5-058434305-C-T	
rs34691	5-066992055-A-G	
rs4976033	5-068418419-A-G	PIK3R1
rs150100713	5-072731415-G-A	
rs34341	5-075638184-A-T	ANKDD1B
rs1404990	5-075948297-A-T	
rs7732130	5-077139179-G-A	ZBED3
rs2242159	5-077418555-C-T	
rs252761	5-078084899-G-T	AP3B1
rs7445125	5-079211594-A-G	
rs13185500	5-087225148-T-TAA	
rs7442885	5-088387060-C-G	TMEM161B
rs7703782	5-088642739-T-A	MEF2C
rs424482	5-093571978-G-A	
rs261966	5-096513883-T-C	
rs17333350	5-102478905-A-G	
rs78408340	5-103003035-C-G	PAM
rs149802978	5-103011162-C-G	PAM
rs295030	5-106883813-A-G	
rs35658682	5-111950258-C-G	
rs1105770	5-119395552-T-G	
rs12655753	5-123347118-G-A	
rs6888037	5-128070567-G-T	SLC12A2
rs55914434	5-133059845-T-G	
rs329122	5-134528909-G-A	JADE2
rs319597	5-134905755-G-A	
rs35167448	5-138098804-C-T	
rs2099044	5-154168646-T-C	
rs2963470	5-158574128-G-A	
rs17057112	5-159786678-A-G	
rs3088050	5-177299634-G-A	
rs117657946	5-180797259-G-A	
rs3800120	6-001893912-G-C	
rs9379084	6-007231610-G-A	RREB1
rs2714343	6-007254724-G-A	
rs116039287	6-007315607-A-G	
rs11751816	6-015382287-G-A	
rs727734	6-015474820-T-A	JARID2
rs6926312	6-019712062-A-G	
rs9358336	6-020466764-T-C	
rs12206516	6-020506584-A-G	CDKAL1
rs142609509	6-020528823-C-T	
rs147434309	6-020577236-A-G	
rs111564329	6-020607493-A-G	
rs117656456	6-020671227-A-C	
rs7766070	6-020686342-C-A	CDKAL1
rs72832303	6-020718549-A-G	
rs140249932	6-020725134-G-A	
rs117267852	6-020725724-C-T	
rs74371219	6-020772325-A-G	
rs149781755	6-020808032-A-G	
rs9465936	6-020926938-T-TAG	
rs114381567	6-020986684-G-C	
rs11967298	6-021079126-A-G	
rs74387263	6-021131432-T-C	
rs16887160	6-023014217-A-C	
rs9358927	6-026330264-T-G	
rs1150674	6-028166590-A-G	
rs6456865	6-028884587-G-A	
rs142986308	6-031144924-G-A	
rs879882	6-031171675-T-C	
rs139073773	6-031273258-G-A	
rs7755852	6-031310211-A-G	
rs11961408	6-031350073-G-A	
rs2534653	6-031523943-A-G	
rs1053924	6-032152938-T-C	
rs206015	6-032214982-G-A	
rs3806155	6-032405601-A-T	
rs522308	6-032614145-C-T	
rs2621396	6-032785136-A-T	
rs2071465	6-032837693-C-G	
rs1705003	6-033418176-A-G	
rs75080135	6-033584930-A-C	BAK1
rs17600959	6-033834859-A-G	
rs10214450	6-034222672-C-T	
rs4713761	6-034241504-T-A	
rs33959228	6-035291620-C-T	ZNF76
rs1321313	6-036651044-C-T	CDKN1A
rs72846863	6-036943498-G-A	PI16
rs12663450	6-038167954-A-G	
rs1412265	6-038985559-C-A	
rs10305457	6-039066319-C-T	GLP1R
rs9366994	6-039080284-C-T	
rs57143316	6-039101515-T-C	
rs7751419	6-039147637-C-T	
rs3734618	6-039316408-A-G	
rs114635781	6-039320540-G-A	
rs1109772	6-039321169-G-A	
rs9296294	6-039371785-G-A	
rs2504093	6-039865188-T-C	
rs34298980	6-040441504-T-C	LRFN2
rs4711658	6-041195153-T-C	
rs2057069	6-041713884-T-A	TFEB
rs2841648	6-043301441-C-A	
rs833067	6-043772252-C-T	
rs6905288	6-043791136-G-A	VEGFA
rs2894536	6-043834141-C-T	VEGFA
rs6458354	6-043846453-C-T	VEGFA
rs72863966	6-043904356-C-A	
rs3798519	6-050821065-A-C	TFAP2B
rs1327271	6-051350355-C-G	
rs2504706	6-051393781-T-C	
rs17667073	6-051564639-T-C	
rs2749014	6-052762524-G-A	
rs2817111	6-053260902-G-C	
rs9382231	6-053774965-A-G	
rs10943822	6-063481673-A-T	
rs72888748	6-075723922-G-A	
rs13207433	6-082330568-T-C	
rs1757856	6-082763757-G-T	
rs11155284	6-100149018-T-C	
rs11755801	6-104587076-C-T	
rs62427977	6-107105488-G-C	
rs6568685	6-111499910-A-C	
rs17078452	6-116895741-A-G	
rs72951506	6-117690560-C-T	NUS1
rs9375411	6-125795807-A-G	
rs11759026	6-126470949-A-G	CENPW
rs2800733	6-127095785-A-G	RSPO3
rs1415701	6-130024690-G-A	L3MBTL3
rs2749924	6-131605867-C-G	
rs6917676	6-136970158-T-G	
rs9321595	6-137351238-G-C	
rs6905226	6-138451934-G-C	
rs9376353	6-138534838-T-A	
rs9376382	6-138884249-T-C	REPS1
rs668459	6-139514552-C-T	CITED2
rs17069206	6-139686740-T-C	CITED2
rs13194747	6-139999771-C-T	
rs12200517	6-142699615-G-A	
rs6570526	6-142737555-G-C	
rs11969311	6-142875381-A-C	
rs3853248	6-151818751-T-C	
rs9397581	6-153062455-G-A	
rs3778156	6-154083178-A-G	
rs6905058	6-156665416-A-C	
rs487060	6-160353427-C-T	SLC22A3
rs1321850	6-161273147-T-G	
rs34709632	6-162627348-A-G	
rs2759398	6-163464919-T-A	
rs4709746	6-163711969-C-T	QKI
rs1021509	6-165769048-C-A	
rs77273391	6-165805703-T-C	
rs9459835	6-167004063-G-T	
rs11766944	7-001848415-G-A	
rs28411900	7-004651429-C-T	
rs12702586	7-007172309-G-A	C1GALT1
rs4721059	7-012227869-G-C	
rs138348096	7-013789857-A-G	
rs10950494	7-013853277-G-A	
rs62454583	7-013945841-A-T	
rs17168486	7-014858657-C-T	DGKB
rs4719433	7-015025378-T-C	DGKB
rs17168605	7-015029393-A-T	
rs38205	7-015873963-A-C	
rs302177	7-018271437-G-C	
rs10259561	7-022819474-G-A	
rs73281645	7-023392667-A-T	
rs227941	7-023562972-C-T	
rs35274205	7-025912439-G-A	
rs1534696	7-026357619-C-A	SNX10
rs6968655	7-026529511-G-T	
rs74847755	7-028123739-G-T	
rs860262	7-028154778-C-T	JAZF1
rs917195	7-030688836-C-T	CRHR2
rs4720212	7-036695748-A-G	
rs13222509	7-041316525-C-T	
rs10232743	7-043871283-C-T	
rs62460065	7-044111410-C-T	
rs2908296	7-044153863-G-T	
rs878521	7-044216044-G-A	
rs116913033	7-044325950-C-T	
rs77211442	7-045524543-G-C	
rs11983595	7-048809912-G-A	
rs7458670	7-049553347-C-T	
rs2237442	7-050630852-A-G	
rs720068	7-050955624-C-T	
rs735048	7-051020102-A-G	
rs10249231	7-055753863-T-C	
rs10950177	7-069306875-G-A	
rs7790934	7-070236979-A-G	
rs6460047	7-073628113-T-C	MLXIPL
rs7792074	7-074018300-A-G	
rs35005436	7-074720592-T-C	GTF2I
rs3926926	7-076928954-G-A	
rs150429692		
rs9641219	7-077415447-T-G	
rs1852006	7-078200451-G-A	MAGI2
rs10231441	7-085017583-T-A	
rs39257	7-090136894-G-A	
rs8179	7-092606850-T-C	CDK6
rs76369672		
rs9641233	7-098181606-A-G	
rs142520867	7-100352178-A-C	
rs4727462	7-100729466-G-C	
rs6969685	7-101152465-T-C	
rs12534945	7-102417732-C-T	
rs76999373	7-102693411-T-C	
rs7781557	7-102841444-C-T	
rs62484946	7-102912919-T-C	
rs262350	7-103780261-T-C	
rs73186041	7-105276269-G-C	
rs7808028	7-107074264-T-C	
rs3906052	7-113242459-G-A	
rs13239186	7-117870567-C-T	CTTNBP2
rs150715188		
rs139034871	7-127560592-T-C	
rs62483173	7-127590622-T-C	
rs2233580	7-127613496-C-T	PAX4
rs3824004	7-127613497-G-T	
rs34821625	7-128262106-C-T	
rs76485553	7-128271570-A-G	
rs11557287	7-129755911-A-G	
rs77792157		
rs4731702	7-130748625-C-T	KLF14
rs13438418	7-140928935-G-A	
rs6972751	7-149483409-T-C	
rs55681398	7-150611760-C-T	
rs62492368	7-150840547-G-A	AOC1
rs17857291	7-151115596-G-A	
rs184163936	7-156988778-T-C	
rs887609	7-157002289-A-G	
rs78596384	7-157009006-G-T	
rs6956046	7-157170180-G-A	
rs9987289	8-009325848-A-G	PPP1R3B
rs62496161	8-009421064-G-T	
rs17708276	8-010342038-G-A	
rs10086521	8-010926259-T-C	
rs12680692	8-012760716-T-A	LONRF1
rs10087481	8-013650803-A-G	
rs13262285	8-014268411-C-G	
rs1978054	8-018011012-T-C	
rs80073370	8-019975645-A-T	LPL
rs4872527	8-022638535-G-A	
rs17089546	8-023714294-G-A	
rs73221948	8-025607154-G-T	
rs17818197	8-026015118-A-G	EBF2
rs13250825	8-028264207-C-G	
rs2042073	8-030978019-A-G	
rs7844647	8-034646258-T-C	
rs10092900	8-036997193-T-G	KCNU1
rs12680217	8-037540285-T-C	
rs60128210	8-038493792-G-A	
rs78623944	8-041369688-A-G	
rs7012759	8-041522705-C-T	
rs75445792	8-041642880-C-T	
rs11996576	8-041645484-G-C	
rs150015181	8-041651551-T-A	
rs508419	8-041665473-A-G	ANK1
rs117271404	8-041683292-G-C	
rs4454259	8-042045884-T-C	
rs74942620	8-056587427-G-C	
rs10096191	8-071507263-T-G	EYA1
rs7845090	8-072537705-G-A	KCNB2
rs140727097	8-073768181-A-G	
rs7813042	8-074289748-A-G	
rs2920928	8-075763952-T-C	
rs16907751	8-080463222-C-T	ZBTB10
rs13266372	8-084714431-G-T	
rs2336987	8-087289330-G-A	
rs2722885	8-094683902-C-T	
rs2879813	8-094948719-A-G	
rs117440460	8-094990015-C-T	
rs2514530	8-096162409-C-T	
rs2679745	8-102864097-G-A	AZIN1
rs28627996	8-104572800-C-T	
rs112515915	8-104650145-A-G	ZFPM2
rs3779767	8-105419985-C-T	
rs7821463	8-109100658-A-G	
rs4599845	8-115581371-T-C	TRPS1
rs720928	8-115685649-A-G	
rs78086284	8-117014102-A-G	
rs147643814	8-117058719-G-T	
rs4876702	8-117109495-A-G	
rs10088883	8-117129049-C-T	
rs73317613	8-117130913-C-A	
rs13266634	8-117172544-C-T	SLC30A8
rs117215804	8-117208978-C-T	
rs10955992	8-120860224-A-C	SNTB1
rs16895840	8-121672500-A-C	
rs4871304	8-122789018-T-C	
rs6470361	8-125498096-A-G	TRIB1
rs13273592	8-125633566-T-C	TRIB1
rs17772814	8-127699497-G-A	MYC
rs7824269	8-128540098-C-T	
rs7828631	8-131863073-C-T	
rs12548678	8-134774034-G-T	
rs73712230	8-137203245-T-G	
rs10096860	8-142057348-C-T	
rs13267937	8-143423963-G-C	
rs149587589	8-144118266-A-G	
rs3757974	8-144321883-A-G	
rs7015203	8-144750636-T-C	
rs7870869	9-001036193-A-G	
rs145500238	9-004248138-T-C	
rs4237150	9-004290085-G-C	GLIS3
rs7872172	9-008284965-G-T	
rs4740559	9-014130240-C-T	
rs1029016	9-016656911-A-C	
rs1330303	9-016715828-T-C	BNC2
rs12380322	9-019074540-A-G	
rs6475477	9-020815908-T-C	
rs28521526	9-021167182-T-C	
rs1101330	9-022015466-C-A	CDKN2B
rs77728904	9-022057531-A-C	
rs139149176	9-022129903-T-G	
rs10811661	9-022134095-T-C	
rs12555274	9-022136441-G-C	CDKN2B
rs183862911	9-022161978-G-C	
rs1575972	9-022301093-T-A	DMRTA1
rs1472495	9-022584585-A-G	
rs12553324	9-023347867-C-G	ELAVL2
rs17770336	9-028414627-C-T	LINGO2
rs10813516	9-031222422-C-A	
rs10970761	9-032094195-C-G	
rs72709688	9-033658385-G-C	
rs12001437	9-034074478-T-C	DCAF12
rs10758321	9-035767756-G-A	
rs6476613	9-037084343-A-G	ZCCHC7
rs1888832	9-078710019-G-C	
rs67269808	9-079293071-A-G	TLE4
rs7861609	9-081377259-C-T	
rs815843	9-081626393-C-T	
rs2796441	9-081694033-G-A	TLE1
rs2814834	9-088200568-G-C	
rs10992408	9-092682518-A-G	
rs10821304	9-094148533-G-A	
rs10121760	9-095066707-T-C	
rs113154802	9-095516131-C-T	PTCH1
rs4556142	9-104972433-A-G	ABCA1
rs4978775	9-109175227-A-T	
rs10116566	9-113902565-T-C	
rs1044531	9-114336370-C-T	AKNA
rs2274162	9-114425289-G-T	
rs7030607	9-116482904-G-A	ASTN2
rs700059	9-123061776-G-A	
rs7851052	9-123416925-C-T	
rs2479106	9-123762933-A-G	DENND1A
rs59427698	9-126663466-G-A	
rs35632228	9-126698448-G-A	
rs11999061	9-128371068-A-T	
rs10113902	9-130913063-T-C	
rs4382592	9-131995368-T-G	MED27
rs505922	9-133273813-T-C	ABO
rs459571	9-134047504-C-T	
rs72619339	9-134284486-G-A	
rs28533815	9-136347375-T-C	GPSM1
rs77813615	9-136350742-C-T	
rs7022365	9-136611268-C-T	
rs11257562	10-012139763-G-A	
rs11257655	10-012265895-C-T	
rs2997064	10-012348117-C-T	
rs2815657	10-012506711-G-A	
rs11258435	10-013526857-T-C	
rs72802150	10-023189705-C-T	
rs117414485	10-023289248-C-T	C10orf67
rs11819063	10-026204863-T-G	
rs35575195	10-028914138-C-A	
rs75888368	10-033711784-G-A	
rs2393960	10-043547906-T-A	
rs2438988	10-048162047-A-G	FRMPD2
rs12570156	10-050849248-T-C	
rs11598843	10-054011141-G-C	
rs76804656	10-061965028-C-T	
rs1046521	10-063154707-A-G	
rs59050225	10-063190350-C-T	
rs2664419	10-068618382-C-A	
rs17476364	10-069334748-T-C	HK1
rs2999170	10-069543377-C-T	
rs187201965	10-069554783-C-G	
rs177045	10-069561523-A-G	NEUROG3
rs41277236	10-069572545-C-T	NEUROG3
rs190597808	10-069595941-G-A	
rs34673046	10-069686475-T-A	
rs2395023	10-069696555-T-C	
rs2812539	10-069705603-G-T	
rs1683935	10-070839410-T-C	
rs7080579	10-073744271-T-A	
rs3012060	10-075484578-T-A	LRMDA
rs7099048	10-075887349-G-A	LRMDA
rs3844124	10-078687790-T-G	
rs77969702	10-079173103-G-A	
rs697239	10-079187681-T-C	ZMIZ1
rs11002892	10-079251832-C-T	
rs1250551	10-079299578-G-T	
rs10788495	10-086353858-A-T	
rs926091	10-087961655-C-T	
rs34379399	10-089683526-C-T	
rs61876142	10-091685918-T-A	
rs2259049	10-092395742-C-T	
rs146668074	10-092449024-C-T	
rs145222716	10-092518928-G-A	
rs140778879	10-092576828-C-G	
rs145532103	10-092679284-G-A	
rs1977833	10-092704188-G-A	
rs143135397	10-092725503-A-G	
rs117526461	10-092728938-C-G	
rs11187151	10-092734703-C-T	
rs7896332	10-092782853-G-A	
rs10748694	10-097296433-A-T	
rs2862954	10-100152307-T-C	ERLIN1
rs61607357	10-100660841-T-G	
rs625039	10-101233892-G-A	
rs3123794	10-103273985-A-G	
rs7067540	10-110862079-T-C	
rs11195508	10-111286621-C-G	ADRA2A
rs11196122	10-112833247-G-A	
rs1327692	10-112849304-A-C	
rs149911199	10-112943576-G-A	
rs149106073	10-112950166-C-T	
rs78277257	10-112951117-C-T	
rs116313472	10-112962015-A-G	
rs190373810	10-112971601-C-T	
rs114322470	10-112976911-T-G	
rs181345902	10-112987754-C-G	
rs117987174	10-112996700-G-A	
rs7903146	10-112998590-C-T	TCF7L2
rs61872774	10-113005631-G-A	
rs79369780	10-113005710-G-T	
rs140908036	10-113010885-G-A	
rs180726800	10-113025167-C-T	
rs118046020	10-113030314-G-A	
rs72826093	10-113033836-G-A	
rs140658764	10-113034148-T-C	
rs17685538	10-113037712-C-G	
rs149092094	10-113055695-C-T	
rs7070182	10-113062939-T-C	
rs112694314	10-113068835-T-C	
rs11196216	10-113070010-C-T	
rs145003494	10-113074652-G-A	
rs116929578	10-113076422-A-G	
rs7069881	10-113079113-C-T	
rs137986049	10-113082265-C-G	
rs193023456	10-113111936-G-A	
rs290476	10-113113968-G-T	
rs143876660	10-113122086-A-G	
rs290490	10-113146955-G-A	
rs740746	10-114033028-G-A	ADRB1
rs10787798	10-117824534-T-C	
rs12269193	10-119815023-G-A	
rs11199755	10-121077345-C-T	WDR11
rs10886863	10-121169979-T-C	WDR11
rs1907225	10-121216119-C-T	
rs2421021	10-122397530-A-G	
rs7914985	10-123476231-A-G	
rs2334499	11-001675619-C-T	
rs76074250	11-002051952-A-G	
rs7933888	11-002101387-T-C	
rs1124699	11-002143760-G-A	
rs3842726	11-002163897-C-G	
rs4929965	11-002176056-A-G	TH
rs143000786	11-002217521-G-T	
rs181911080	11-002248709-G-A	
rs79696944	11-002262720-C-T	
rs718579	11-002476271-C-T	
rs2283164	11-002557933-A-G	KCNQ1
rs2283167	11-002558833-G-A	
rs4930141	11-002618755-T-C	
rs2073957	11-002663432-G-A	
rs231362	11-002670241-A-G	KCNQ1
rs35889184	11-002671276-A-G	
rs2283205	11-002720097-C-T	
rs11023938	11-002735735-C-T	
rs2237884	11-002778449-T-C	
rs57274815	11-002803799-C-T	
rs140400323	11-002813231-C-A	
rs234860	11-002832272-T-C	
rs61869847	11-002835794-G-C	
rs76868685	11-002836784-C-G	
rs2237897	11-002837316-C-T	
rs4930013	11-002840929-A-C	
rs45477500	11-002848222-G-A	
rs35723063	11-002854735-G-A	
rs116500286	11-002863080-C-A	
rs77355428	11-002874036-C-A	
rs76653898	11-002889817-A-G	
rs2168101	11-008233861-C-A	LMO1
rs7110529	11-008666163-C-G	
rs10743108	11-009516357-G-C	ZNF143
rs3910384	11-009578396-A-G	
rs76789970	11-009834468-C-T	SBF2
rs7122422	11-010045715-G-C	SBF2
rs7949336	11-013298347-A-G	ARNTL
rs118115876	11-014649850-G-A	PDE3B
rs5215	11-017387083-C-T	KCNJ11
rs16907058	11-020930691-G-A	NELL1
rs112220894		
rs4923542	11-028485842-T-G	
rs486129	11-028700109-A-T	
rs2786257	11-030319178-G-A	
rs11031140	11-030586586-G-A	
rs7115190	11-032419831-C-T	WT1
rs145678014	11-032906232-G-T	QSER1
rs2956088	11-034884300-T-A	
rs58090211	11-035412165-C-A	SLC1A2
rs3736505	11-043854885-A-G	
rs7115013	11-043913042-C-T	ALKBH3
rs12419690	11-045837033-G-A	CRY2
rs71474196	11-046955609-C-T	
rs2125838	11-047790381-A-G	
rs6485981	11-049455714-T-C	
rs11230823	11-055743130-C-T	
rs12418866	11-058043842-T-A	
rs17489568	11-058622534-C-G	
rs2943800	11-061478142-G-T	
rs174541	11-061798436-T-C	
rs35169799	11-064263769-C-T	PLCB3
rs12789028	11-065558683-G-A	
rs72924707	11-065809332-T-C	
rs3814738	11-066293067-G-T	
rs3750971	11-069063239-G-A	
rs28599796	11-069320907-C-G	
rs3918292	11-069642779-C-T	CCND1
rs3918298	11-069648505-G-A	CCND1
rs12281701	11-069660860-G-C	
rs77464186	11-072749353-A-C	
rs512780	11-074834333-T-G	
rs673335	11-075739531-T-C	
rs17749202	11-076186330-T-C	WNT11
rs61894507	11-076445929-G-A	EMSY
rs569296	11-079316757-C-G	
rs61901515	11-092936020-G-A	
rs10830963	11-092975544-C-G	MTNR1B
rs11020132	11-092983658-G-A	
rs271035	11-092998312-A-T	
rs141307757	11-093245692-A-G	
rs57235767	11-093280365-C-G	DEUP1
rs634366	11-103150242-T-C	
rs10891494	11-113042331-C-A	
rs6589571	11-116809702-T-C	
rs529623	11-117822540-T-C	FXYD2
rs1614264	11-119071928-A-C	
rs10893829	11-128172680-T-C	ETS1
rs34086018	11-128334215-C-T	
rs7104712	11-128365357-C-A	
rs11819995	11-128519496-C-T	ETS1
rs3935795	11-128520896-T-C	
rs2007537	12-000395631-C-T	
rs10848958	12-003921938-C-T	
rs75640507	12-004131952-A-G	
rs11063029	12-004192135-C-T	
rs4140660	12-004201054-C-T	
rs10219589	12-004231409-A-G	
rs117380042	12-004262934-C-T	
rs4238013	12-004266923-C-T	CCND2
rs7304270	12-004272815-C-T	CCND2
rs76895963	12-004275678-T-G	CCND2
rs3217860	12-004289884-A-G	CCND2
rs3217893	12-004294710-C-T	
rs3217907	12-004297670-C-A	
rs142409867	12-004409515-A-G	
rs75291436	12-004471074-A-G	
rs10849094	12-004567733-C-G	
rs7969177	12-006603814-G-A	
rs77100210	12-010723329-A-C	YBX3
rs2066827	12-012718165-T-G	CDKN1B
rs7303887	12-013038241-C-T	
rs10744146	12-017059947-G-A	LMO3
rs75149408	12-020109611-G-A	
rs7488780	12-020426458-G-C	PDE3A
rs11045247	12-020439690-G-A	PDE3A
rs34084105	12-021685951-G-A	
rs1048155	12-026120155-C-G	
rs10842708	12-026321934-G-A	SSPN
rs61917473	12-027659404-G-A	
rs11049114	12-027740413-G-A	
rs10842991	12-027809170-C-T	KLHL42
rs146295182	12-031221721-G-A	
rs4931467	12-031226161-G-A	
rs11051394	12-031340501-G-C	
rs6488140	12-033217471-G-A	
rs11514133	12-039022635-C-T	
rs2730827	12-041469591-C-T	PDZRN4
rs1650007	12-045904652-T-C	ARID2
rs2732469	12-048319149-T-A	
rs7132908	12-049869365-G-A	FAIM2
rs2683506	12-053083566-A-G	
rs2277339	12-056752285-T-G	PRIM1
rs2167306	12-056968561-T-G	
rs3809113	12-057454925-C-G	
rs10784067	12-060847359-A-G	
rs10877892	12-062616578-A-G	
rs2257883	12-065822382-G-A	HMGA2
rs116257126	12-065851273-G-A	
rs116979298	12-065944802-C-T	
rs8756	12-065965972-C-A	HMGA2
rs7397918	12-066033055-T-C	
rs3201	12-069579612-T-C	
rs10879248	12-071069635-A-C	
rs1533104	12-071262767-T-C	
rs11114650	12-080915483-G-C	LIN7A
rs999976	12-082006719-T-C	
rs4842471	12-087949797-C-T	
rs10858821	12-089076974-C-G	
rs17250160	12-090009131-T-C	
rs1316739	12-093574480-G-A	SOCS2
rs61939481	12-095528222-T-C	
rs6538804	12-097455132-C-G	
rs1520191	12-103269117-T-C	
rs1426371	12-108236003-G-A	WSCD2
rs671	12-111803962-G-A	ALDH2
rs7307263	12-113685917-C-G	
rs34965774	12-117974568-G-A	KSR2
rs77045000	12-120723650-C-T	
rs142775453	12-120748270-G-A	
rs73229142	12-120819287-T-C	
rs572016	12-120841280-G-A	
rs118074491	12-120925703-A-G	
rs1800574	12-120979061-C-T	HNF1A
rs1169299	12-120991391-T-C	HNF1A
rs149282777	12-120998588-T-C	
rs74627567	12-121079806-C-T	
rs208311	12-121166511-A-G	
rs141555626	12-121192536-G-A	
rs78628688	12-121493142-A-C	
rs10849893	12-121500382-C-G	KDM2B
rs4148856	12-122966218-G-C	
rs11057418	12-124024429-G-C	
rs34680764	12-124029230-T-G	
rs2229840	12-124341916-C-T	NCOR2
rs7302504	12-131996729-C-T	
rs12811407	12-132493112-G-A	FBRSL1
rs1009321	12-132784638-A-G	
rs9316706	13-022015744-A-G	FGF9
rs314879	13-022735243-C-T	SGCG
rs34584161	13-026202862-A-G	RNF6
rs512306	13-026228662-T-C	
rs9512696	13-027438390-A-G	GTF3A
rs79033136	13-027951225-A-G	
rs12855502	13-030443121-C-T	HMGB1
rs9591408	13-032912391-A-T	
rs57358169	13-032948203-T-G	
rs576674	13-032980164-G-A	KL
rs2283368	13-033019132-T-C	
rs36090640	13-033117034-T-A	STARD13
rs9532707	13-041026551-G-C	
rs2806924	13-045944831-T-C	ZC3H13
rs9316500	13-050519978-T-G	DLEU7
rs9568868	13-053533448-G-T	OLFM4
rs11148426	13-058118978-T-C	
rs4432163	13-058623402-T-C	
rs9598088	13-060117933-T-C	
rs9564268	13-065630748-T-C	
rs1576655	13-079013706-A-C	
rs11620422	13-080011903-A-G	
rs3850067	13-080018069-G-A	
rs1215468	13-080133294-A-C	SPRY2
rs9565549	13-080195977-G-C	
rs1475655	13-091310826-A-T	GPC5
rs9561488	13-094008315-A-G	
rs3783007	13-098457562-T-G	STK24
rs59904581	13-108152260-G-C	
rs9301365	13-109274738-C-T	MYO16
rs9521510	13-109774524-T-C	IRS2
rs2316118	13-113622886-G-A	
rs17122782	14-022819980-T-C	
rs12437434	14-024409164-C-T	NYNRIN
rs1955851	14-025480071-G-T	
rs8005994	14-029275326-A-G	PRKD1
rs3783300	14-029601453-C-A	PRKD1
rs12883788	14-032834334-C-T	AKAP6
rs10149083	14-034986773-G-A	
rs4901812	14-038331500-G-A	CLEC14A
rs12896030	14-046827561-C-T	
rs72681869	14-050188639-G-C	SOS2
rs7147757	14-058285869-G-C	
rs3742636	14-060713939-T-G	
rs10130013	14-069096578-A-G	
rs2056857	14-076834520-C-T	LRRC74A
rs72627182	14-076913361-A-G	
rs7150718	14-077382275-G-C	
rs61993073	14-079358763-C-T	
rs7156625	14-079476304-G-A	NRXN3
rs2371064	14-079704527-A-G	
rs35368444	14-089089903-G-T	
rs35889227	14-089589124-G-T	FOXN3
rs2025067	14-091506408-C-T	
rs4082793	14-099233743-C-T	BCL11B
rs7145337	14-100689199-C-T	
rs10147577	14-100772750-G-A	
rs73347525	14-100788835-A-G	DLK1
rs61385262	14-100803882-C-T	
rs2295388	14-100843422-G-A	
rs61992671	14-101065517-A-G	DLK1
rs8020605	14-102761515-T-G	
rs1022736	14-103532086-G-C	
rs113345285	14-103780025-T-C	
rs7403010	15-031433572-T-C	
rs12913098	15-035642912-A-C	
rs2382031	15-037732620-C-A	
rs8043085	15-038535939-G-T	RASGRP1
rs10152999	15-039360852-A-C	
rs16970349	15-040091931-G-A	
rs34245505	15-040104990-C-G	BMF
rs4924455	15-040340937-A-T	CCDC9B
rs12898690	15-040449096-G-A	
rs3959569	15-041823549-G-C	
rs2447198	15-043602920-T-C	
rs10519049	15-046183959-A-G	
rs62015803	15-047123337-A-G	
rs7161744	15-049580150-A-C	
rs750163	15-051614790-A-G	
rs149336329	15-052295543-G-T	MYO5C
rs28475375	15-052796604-G-A	
rs11853527	15-053729770-C-G	
rs139219993	15-056592950-C-G	
rs2615231	15-057113476-A-G	
rs146692251	15-061925899-T-C	
rs7163757	15-062099409-C-T	C2CD4A
rs1396713	15-063805739-C-T	
rs12909009	15-065450712-A-G	
rs2469102	15-066581578-G-T	
rs55970476	15-066727637-A-T	
rs28836514	15-066970494-C-T	
rs4776970	15-067788548-A-T	MAP2K5
rs8026894	15-072186172-A-G	
rs7183908	15-074036852-T-C	PML
rs12708519	15-075510859-T-C	
rs8043371	15-076145642-T-G	
rs62008456	15-077313961-C-T	
rs952472	15-077484220-A-C	PEAK1
rs34080199	15-077519686-A-G	
rs7172637	15-080136233-T-A	
rs28538218	15-083084960-A-G	
rs2165069	15-089863887-C-T	
rs2890156	15-090969927-T-A	
rs10520699	15-090979736-G-A	
rs9672505	15-091152132-G-A	
rs7167984	15-093288838-G-A	RGMA
rs4777857	15-093382098-G-A	RGMA
rs11633473	15-094727676-G-A	
rs62024481	15-098695432-C-T	
rs117064493	16-000211117-C-T	
rs55857387	16-000250389-T-C	
rs34665498	16-000287691-C-T	
rs9889137	16-000918717-T-C	
rs4988483	16-001079010-C-A	SSTR5
rs34569984	16-001198374-G-A	
rs4984797	16-001286402-G-A	
rs458522	16-003280179-C-T	
rs3751837	16-003533173-C-T	
rs56104880	16-004311137-T-C	GLIS2
rs3747579	16-004395326-C-T	
rs1420076	16-006484121-C-G	
rs316371	16-009642000-C-T	
rs9927842	16-015059860-T-C	
rs11074446	16-020243801-T-C	
rs73541251	16-020320415-C-G	GP2
rs9929710	16-020359659-A-C	
rs2059134	16-024805171-A-G	TNRC6A
rs10852284	16-025225634-T-C	
rs10499	16-028904206-G-A	
rs9932196	16-029971798-G-T	
rs1978487	16-031118621-C-T	
rs13339351	16-049014279-T-C	
rs117515728	16-053393509-C-T	
rs62048489	16-053420943-G-T	
rs3095633	16-053507566-C-T	
rs113810193	16-053509293-A-G	
rs4548860	16-053739082-T-C	
rs1558902	16-053769662-T-A	FTO
rs145904814	16-053780040-T-A	
rs73612051	16-053794125-C-T	
rs62033416	16-053804746-G-A	
rs139891432	16-053809711-G-A	
rs4783837	16-054336722-T-C	
rs2917677	16-069716946-C-T	NFAT5
rs7498798	16-073063130-G-A	ZFHX3
rs72802365	16-075212137-G-C	CTRB2
rs72798545	16-077198849-A-C	MON1B
rs2925979	16-081501185-T-C	CMIP
rs7189295	16-081575948-G-A	CMIP
rs4782568	16-083946924-C-G	OSGIN1
rs2303202	16-085670978-A-G	
rs35825770	16-086426131-C-G	
rs9937296	16-088488072-T-C	ZFPM1
rs17471624	16-089565257-T-C	
rs28592184	16-089615232-G-A	
rs56283750	16-089720353-C-T	
rs36027158	17-000616314-G-A	
rs9893867	17-001606754-A-G	SLC43A2
rs59278436	17-002406635-A-G	
rs1043246	17-003924792-C-G	
rs8082265	17-003935467-C-T	
rs72827349	17-004077257-C-A	
rs7224685	17-004111090-G-T	ZZEF1
rs3966782	17-004903803-T-C	
rs9900150	17-006649848-G-A	
rs113748381	17-007049836-G-A	
rs727428	17-007634474-T-C	
rs17676097	17-009888232-A-G	
rs12453750	17-017439454-C-G	
rs56745821	17-017606678-G-A	
rs1108646	17-017848164-A-G	TOM1L2
rs7213608	17-021375977-C-T	KCNJ12
rs797971	17-029321417-C-G	
rs1048317	17-031376984-T-C	
rs2306593	17-036510707-C-T	
rs3094503	17-037670407-A-C	
rs3094515	17-037683650-T-C	
rs3110641	17-037687414-A-G	HNF1B
rs4635384	17-037695552-A-G	
rs12943407	17-037728338-G-A	
rs11651052	17-037742390-A-G	HNF1B
rs11078916	17-039590054-T-C	
rs676387	17-042554255-C-A	
rs56799554	17-043379045-A-G	
rs11653796	17-045140892-A-G	
rs4792837		
rs3744347	17-048101312-G-A	
rs35895680	17-048982960-C-A	
rs112297357	17-050086966-C-A	
rs11659035	17-058888691-C-T	
rs8068913	17-059895735-C-T	
rs11657101	17-062559465-G-A	MRC2
rs4311	17-063483402-T-C	ACE
rs72845888	17-063589646-C-T	
rs10853047	17-064121776-T-C	
rs77746881	17-067655152-G-A	
rs12601921	17-067829238-C-T	
rs35722605	17-068387467-C-T	
rs883541	17-068452981-G-A	WIPI1
rs11653006	17-072300402-A-G	
rs61736066	17-072648893-G-A	SLC39A11
rs11077654	17-073010373-A-C	
rs10401019	17-075182216-T-C	
rs2444842	17-075758725-A-G	
rs7221314	17-078762169-A-G	
rs62076641	17-079922965-T-C	
rs11150745	17-080783826-A-G	RPTOR
rs4789816	17-082649954-C-A	
rs9895455	17-082726104-C-T	
rs8097544	18-001839563-A-G	
rs11664106	18-002846814-A-T	EMILIN2
rs9948462	18-007076837-C-T	LAMA1
rs1788819	18-023520540-G-A	
rs4293449	18-034114603-C-T	
rs62080313	18-038698745-T-C	
rs2958610	18-039014093-G-T	
rs7232699	18-042492265-C-T	
rs7242026	18-043122868-T-C	
rs58306981	18-044747009-A-C	
rs2247326	18-045369029-T-G	
rs8089704	18-053313732-A-C	
rs1942569	18-055179494-T-G	
rs72926932	18-055383415-A-C	TCF4
rs17089932	18-055761116-C-T	
rs10048404	18-056911251-C-T	WDR7
rs9957320	18-059209198-G-T	
rs6567160	18-060161902-T-C	MC4R
rs78769612	18-060361739-G-T	
rs12454712	18-063178651-T-C	BCL2
rs12970504	18-063228686-T-C	
rs12455492	18-063314935-T-G	
rs35419009	18-065791045-G-T	
rs12964145	18-075789520-C-G	TSHZ1
rs2658746	18-076870384-T-C	ZNF236
rs8096658	18-079396537-C-G	NFATC1
rs8108446	19-000818284-A-G	
rs12461269	19-001167923-G-A	
rs34072429	19-001224519-C-T	
rs62128838	19-001236482-C-T	
rs4807125	19-001646713-C-T	TCF3
rs28626548	19-001865674-A-G	KLF16
rs75620555	19-003184012-C-G	
rs56249413	19-005036719-G-A	KDM4B
rs10416539	19-007186322-C-T	
rs4804420	19-007226179-G-A	
rs10427109	19-007293549-C-T	
rs2115107	19-007903283-G-A	MAP2K7
rs116843064	19-008364439-G-A	ANGPTL4
rs4804181	19-012398722-C-A	ZNF799
rs3111316	19-012927601-G-A	
rs148340480	19-013049045-C-G	
rs4808845	19-018701214-A-G	
rs150057262	19-019210016-C-G	
rs8107974	19-019277691-A-T	TM6SF2
rs7247433	19-019684751-C-A	
rs150617279	19-020028425-T-A	
rs7507813	19-021539677-C-T	
rs142395395	19-021917904-A-G	
rs4932747	19-022096450-C-G	
rs1469705	19-030548088-T-C	
rs924150	19-031338997-A-C	TSHZ3
rs7256564	19-033398687-A-G	PEPD
rs11670675	19-038915802-G-A	
rs11466334	19-041341832-G-A	TGFB1
rs55826925	19-041365886-C-T	
rs57537848	19-044850787-T-G	
rs429358	19-044908684-T-C	APOE
rs62118504	19-045231493-A-G	
rs10406431	19-045653761-A-G	EML2
rs61373376	19-045680328-C-T	GIPR
rs34505186	19-045711426-G-A	
rs11083785	19-045905754-A-G	
rs8101149	19-047097184-G-A	
rs34010237	19-049509317-G-A	
rs73582456	19-049530844-G-A	
rs1047507	20-000327549-A-G	
rs4813319	20-001913101-T-C	
rs62216977	20-018668025-G-A	
rs2181063	20-022446732-C-G	
rs1203894	20-022568731-T-C	
rs1737897	20-032440920-A-G	
rs149142833	20-033600336-C-T	PXMP4
rs1810534	20-033849336-C-T	
rs4911405	20-034087161-C-T	RALY
rs17265513	20-041203988-T-C	ZHX3
rs826949	20-043673561-C-T	
rs183623967	20-044049118-C-T	
rs6073369	20-044204149-C-T	
rs2144907	20-044348616-A-T	
rs188520200	20-044355723-G-C	
rs12625671	20-044366172-T-C	HNF4A
rs112845208	20-044370793-G-A	
rs1800961	20-044413724-C-T	HNF4A
rs6073434	20-044420983-G-T	
rs244080	20-044617908-C-A	
rs56062745	20-044627796-G-A	
rs67559658	20-046924467-G-A	
rs6063046	20-046967739-A-G	
rs6091115	20-050215483-T-C	
rs3787186	20-051536805-T-C	NFATC2
rs6021487	20-051837356-A-G	
rs2426443	20-052427578-G-A	
rs1523539	20-052680009-G-A	
rs2741362	20-053000625-T-G	
rs507381	20-055581407-G-T	
rs6070620	20-058809120-C-T	
rs1800900	20-058840055-A-G	
rs4812042	20-058886860-G-A	
rs45551238	20-059032308-C-T	ATP5F1E
rs2274933	20-062322432-G-A	
rs34885433	20-062642608-G-A	SLCO4A1
rs1056441	20-063738996-T-C	
rs73143584	20-063814349-G-A	ZBTB46
rs11698462	20-064147876-C-T	
rs11911369	21-038803710-C-T	
rs28360503	21-041211877-G-C	
rs9977825	21-045075080-T-C	ADARB1
rs9983528	21-046352525-G-A	
rs758374	22-019984029-T-C	ARVCF
rs3804043	22-020064958-C-A	
rs7291042	22-024824639-C-T	
rs5762925	22-028973410-A-C	ZNRF3
rs131285	22-029761951-T-C	
rs5997539	22-029841717-G-A	
rs131246	22-031732285-G-A	
rs138742	22-035303766-G-A	
rs2267374	22-038204588-A-T	
rs4586740	22-040144758-T-G	
rs7510675	22-041153293-A-G	
rs5751316	22-042638138-A-G	
rs738408	22-043928850-C-T	PNPLA3
rs9723065	22-045919072-T-C	
rs28691713	22-049962654-C-T	
rs56149983	22-050182079-C-T	
