description	leadsnp	leadnovel	distance	r2	d_	codingsnp	codingnovel	rsid	gene	consequence	aa_change	twasgene	nea	ea	eaf	beta	se	p	pconditional	eaf	beta	se	p	eaf	beta	se	p	eaf	beta	se	p
1. coding variants in high LD with novel leadSNP	chr11:64031241	1	0	1	NA	chr11:64031241	0	rs35169799	PLCB3	missense	p.Leu845Ser	0	T	C	0.934	-0.05	0.009	4.79e-08	.	0.9378	-0.0355	0.0129	0.005953	0.92859999999999998	-4.7899999999999998E-2	1.47E-2	1.295E-5	0.9415	-4.1599999999999998E-2	1.3299999999999999E-2	1.1849999999999999E-4
NA	chr17:70645032	1	0	1	NA	chr17:70645032	1	rs61736066	SLC39A11	missense	p.Val287Ala	0	A	G	0.917	0.051	0.009	2.08e-09	.	0.9117	0.0495	0.0105	2.586e-06	0.91179999999999994	3.9699999999999999E-2	1.46E-2	1.696E-3	0.90400000000000003	3.2399999999999998E-2	1.14E-2	8.6610000000000003E-3
NA	chr20:39832628	1	0	1	NA	chr20:39832628	0	rs17265513	ZHX3	missense	p.Asn310Ser	0	T	C	0.198	0.033	0.006	1.13e-08	.	0.1834	0.0435	0.0081	6.777e-08	0.21140000000000003	4.48E-2	9.2999999999999992E-3	9.2480000000000005E-8	0.17369999999999997	3.8399999999999997E-2	8.3000000000000001E-3	6.7449999999999998E-6
NA	chr7:12269593	1	176	0.992	NA	chr7:12269417	1	rs3173615	TMEM106B	missense	p.Thr185Ser	1	C	G	0.417	0.035	0.007	3.39e-07	0.59299999999999997	0.4721	0.0341	0.0059	7.001e-09	0.39629999999999999	8.3999999999999995E-3	8.9999999999999993E-3	0.22409999999999999	0.44879999999999998	1.03E-2	7.1000000000000004E-3	6.404E-2
NA	chr12:133777466	1	18419	0.98	NA	chr12:133795885	1	rs144454089	ANHX	missense	p.Val346Ala	0	A	G	0.61	0.029	0.007	1.19e-05	0.95943297686248896	0.6003	0.026	0.0068	0.0001321	.	.	.	.	.	.	.	.
NA	chr1:149894355	1	11812	0.973	NA	chr1:149906167	1	rs41302101	MTMR11	missense	p.Glu200Asp	0	T	G	0.077	-0.052	0.009	1.81e-09	0.98620223712806698	0.069	-0.0522	0.0124	2.682e-05	.	.	.	.	.	.	.	.
NA	chr4:96114385	1	8063	0.959	NA	chr4:96106322	1	rs2289043	UNC5C	missense	p.Lys721Arg	0	T	C	0.895	-0.04	0.008	1.06e-07	0.203131557690166	0.3821	0.0232	0.0065	0.0003435	0.69530000000000003	-2.4899999999999999E-2	8.2000000000000007E-3	1.934E-3	0.66789999999999994	-2.69E-2	7.0000000000000001E-3	4.2010000000000001E-6
NA	chr21:47767295	1	5882	0.947	NA	chr21:47773177	1	rs2249060	PCNT	missense	p.Ile539Thr	1	T	C	0.879	0.04	0.007	1.16e-08	0.87870000000000004	0.8786	0.0404	0.0089	5.779e-06	0.87129999999999996	1.15E-2	1.1299999999999999E-2	0.45279999999999998	0.85929999999999995	1.0800000000000001E-2	8.8000000000000005E-3	0.2994
NA	chr15:83461873	1	20007	0.936	NA	chr15:83481880	1	rs35270670	WHAMM	missense	p.Asn212Ser	0	A	G	0.222	-0.031	0.006	1.09e-08	0.70061421544425295	0.2034	-0.0307	0.0074	3.716e-05	.	.	.	.	.	.	.	.
NA	chr2:152167830	1	28414	0.822	NA	chr2:152139416	1	rs1048135	NMI	missense	p.Leu16Ser	1	A	G	0.538	-0.025	0.005	2.9e-08	0.19627674805411099	0.5703	-0.027	0.0062	1.425e-05	0.53360000000000007	-7.9000000000000008E-3	7.6E-3	0.20599999999999999	0.56359999999999999	-6.7999999999999996E-3	6.4999999999999997E-3	0.155
NA	chr1:26868639	1	14872	0.786	NA	chr1:26883511	1	rs2229712	RPS6KA1	missense	p.Lys344Thr	0	A	C	0.225	0.027	0.005	5.38e-07	0.59890421833271001	0.2212	0.03	0.0075	6.023e-05	0.21489999999999998	8.8999999999999999E-3	1.1599999999999999E-2	0.36449999999999999	0.21550000000000002	2.8E-3	8.8000000000000005E-3	0.87860000000000005
NA	chr11:8654528	1	7988	0.723	NA	chr11:8662516	1	rs11042023	TRIM66	missense	p.His322Arg	1	T	C	0.641	0.029	0.005	2.06e-09	0.174057806789115	0.6121	0.0276	0.006	4.346e-06	0.65189999999999992	2.6599999999999999E-2	7.9000000000000008E-3	5.2879999999999995E-4	0.61980000000000002	2.0400000000000001E-2	6.6E-3	1.7080000000000001E-3
NA	chr9:111936128	1	8921	0.715	NA	chr9:111945049	1	rs3750450	EPB41L4B	missense	p.Asn816Thr	0	T	G	0.722	-0.026	0.005	3.81e-07	0.249522473887999	0.743	-0.0286	0.0066	1.546e-05	0.72570000000000001	-1.54E-2	8.5000000000000006E-3	0.113	0.71889999999999998	-1.2500000000000001E-2	6.7000000000000002E-3	2.98E-2
NA	chr3:9514016	1	3353	0.692	NA	chr3:9517369	1	rs11542009	SETD5	missense	p.Ile1308Thr	0	T	C	0.75	-0.03	0.005	1.95e-08	0.144652168464908	0.8981	-0.0296	0.0102	0.003658	0.89949999999999997	-1.55E-2	1.2500000000000001E-2	0.1464	0.91300000000000003	-1.6400000000000001E-2	1.0999999999999999E-2	6.8680000000000005E-2
NA	chr12:48736303	1	682	0.684	NA	chr12:48736985	1	rs2732481	ZNF641	missense	p.Gln363Pro	1	T	G	0.339	-0.028	0.005	1.11e-08	0.97969976723829999	0.3132	-0.0338	0.0067	4.89e-07	0.33289999999999997	-2.5499999999999998E-2	8.5000000000000006E-3	2.2899999999999999E-3	0.30030000000000001	-2.1299999999999999E-2	7.0000000000000001E-3	9.4629999999999992E-3
NA	chr17:37746307	1	67773	0.654	NA	chr17:37814080	1	rs1877031	STARD3	missense	p.Gln117Arg	1	A	G	0.344	0.028	0.005	5.39e-09	0.53409862007610298	0.4203	0.0286	0.0062	4.048e-06	0.33379999999999999	2.1600000000000001E-2	8.0999999999999996E-3	2.6340000000000001E-4	0.38319999999999999	2.1600000000000001E-2	6.7999999999999996E-3	5.7590000000000003E-5
NA	chr10:104548393	1	24624	0.626	NA	chr10:104573017	1	rs284859	WBP1L	missense	p.Ser341Ala	0	T	G	0.817	0.03	0.006	7.24e-07	0.55139757188352101	0.8288	0.0294	0.0081	0.0002819	0.81379999999999997	2.3099999999999999E-2	1.2E-2	5.7029999999999997E-2	0.82350000000000001	2.4899999999999999E-2	9.1999999999999998E-3	8.5920000000000007E-3
NA	chr10:70342775	1	10195	0.521	NA	chr10:70332580	1	rs10823229	TET1	missense	p.Asp162Gly	0	A	G	0.392	-0.023	0.005	7.49e-07	0.89147181116124796	0.3667	-0.0269	0.0064	2.911e-05	0.36629999999999996	-1.26E-2	7.7999999999999996E-3	5.3990000000000003E-2	0.34960000000000002	-1.6E-2	6.4000000000000003E-3	8.5330000000000007E-3
2. coding variants in high LD with established leadSNP	chr10:101912064	0	0	1	NA	chr10:101912064	1	rs2862954	ERLIN1	missense	p.Ile291Val	0	T	C	0.484	-0.029	0.005	1.56e-10	.	0.4352	-0.0174	0.0063	0.005677	0.46850000000000003	-1.8100000000000002E-2	7.6E-3	1.7910000000000001E-3	0.38580000000000003	-2.1700000000000001E-2	6.4999999999999997E-3	3.9570000000000002E-5
NA	chr11:43876698	0	0	1	NA	chr11:43876698	1	-	HSD17B12	missense	p.Leu280Ser	1	T	C	0.695	-0.041	0.005	8.66e-17	.	0.6564	-0.0212	0.0061	0.0005365	0.69440000000000002	-3.09E-2	8.2000000000000007E-3	2.366E-5	0.68989999999999996	-2.41E-2	6.7999999999999996E-3	1.1329999999999999E-3
NA	chr11:32956492	0	0	1	NA	chr11:32956492	1	rs62618693	QSER1	missense	p.Cys1101Arg	0	T	C	0.957	0.085	0.011	6.83e-14	.	0.9587	0.0561	0.016	0.0004564	0.95889999999999997	6.1499999999999999E-2	1.9199999999999998E-2	8.7230000000000001E-4	0.96309999999999996	7.3400000000000007E-2	1.7600000000000001E-2	2.5600000000000001E-6
NA	chr12:108618630	0	0	1	NA	chr12:108618630	0	rs3764002	WSCD2	missense	p.Ile266Thr	0	T	C	0.741	0.04	0.005	2.69e-14	.	0.7573	0.0279	0.0073	0.0001232	0.72550000000000003	3.6299999999999999E-2	8.6E-3	8.6540000000000006E-8	0.71850000000000003	3.1899999999999998E-2	6.8999999999999999E-3	3.3260000000000001E-8
NA	chr6:39016636	0	0	1	NA	chr6:39016636	1	rs10305420	GLP1R	missense	p.Leu7Pro	1	T	C	0.616	0.032	0.005	2.69e-11	.	0.6514	0.0386	0.0067	7.478e-09	.	.	.	.	.	.	.	.
NA	chr19:19379549	0	0	1	NA	chr19:19379549	0	rs58542926	TM6SF2	missense	p.Lys167Glu	1	T	C	0.925	-0.089	0.009	4.67e-25	.	0.9313	-0.0686	0.0117	4.238e-09	0.92100000000000004	-8.2199999999999995E-2	1.3899999999999999E-2	1.6740000000000001E-10	0.92449999999999999	-7.1499999999999994E-2	1.14E-2	4.7679999999999999E-12
NA	chr6:7231843	0	0	1	NA	chr6:7231843	0	rs9379084	RREB1	missense	p.Asn1171Asp	0	A	G	0.88	0.075	0.008	3.7e-22	.	0.8776	0.0617	0.0105	3.726e-09	0.8871	9.35E-2	1.47E-2	1.6009999999999999E-12	0.88429999999999997	7.9500000000000001E-2	1.21E-2	1.144E-13
NA	chr19:45411941	0	0	1	NA	chr19:45411941	0	rs429358	APOE	missense	p.Cys130Arg	0	T	C	0.145	-0.073	0.007	3.98e-28	.	0.1587	-0.0492	0.0081	1.494e-09	.	.	.	.	.	.	.	.
NA	chr5:14751305	0	0	1	NA	chr5:14751305	0	rs146886108	ANKH	missense	p.Leu187Pro	1	A	G	0.049	0.127	0.011	1.92e-32	.	0.00549999999999995	-0.3826	0.0455	4.334e-17	0.99519999999999997	0.25530000000000003	5.9700000000000003E-2	2.0170000000000001E-7	0.99580000000000002	0.25669999999999998	5.7200000000000001E-2	1.3860000000000001E-7
NA	chr11:17409572	0	0	1	NA	chr11:17409572	0	rs5219	KCNJ11	missense	p.Lys23Glu	1	T	C	0.627	-0.069	0.005	3.15e-48	.	0.6578	-0.057	0.0065	1.86e-18	0.61099999999999999	-6.13E-2	7.6E-3	4.8480000000000001E-17	0.63629999999999998	-5.8400000000000001E-2	6.3E-3	5.6810000000000003E-22
NA	chr2:27730940	0	0	1	NA	chr2:27730940	0	rs1260326	GCKR	missense	p.Leu446Pro	1	T	C	0.595	0.064	0.005	2.55e-42	.	0.6202	0.0565	0.0062	1.146e-19	0.61650000000000005	5.6899999999999999E-2	7.7000000000000002E-3	1.043E-15	0.62959999999999994	6.0900000000000003E-2	6.3E-3	5.3109999999999997E-25
NA	chr1:39820310	0	15507	0.998	NA	chr1:39835817	0	rs2296172	MACF1	missense	p.Met2290Val	1	A	G	0.219	0.074	0.006	4.99e-42	0.86354997479669204	0.2086	0.068	0.0076	2.918e-19	0.21719999999999995	5.5300000000000002E-2	9.1000000000000004E-3	1.2039999999999999E-10	0.19289999999999996	6.0199999999999997E-2	7.7000000000000002E-3	6.7339999999999996E-16
NA	chr3:72813582	0	13879	0.996	NA	chr3:72799703	1	rs35178407	SHQ1	missense	p.Asn489Ser	0	T	C	0.507	0.028	0.005	4.22e-10	0.68088243189773201	0.6624	-0.0339	0.0066	2.45e-07	0.25840000000000002	2.4199999999999999E-2	8.8000000000000005E-3	1.5889999999999999E-3	0.24629999999999999	2.4299999999999999E-2	7.3000000000000001E-3	1.7129999999999999E-4
NA	chr6:51505337	0	13471	0.989	NA	chr6:51491866	1	rs2661488	PKHD1	missense	p.Ile3905Asn	0	A	T	0.029	0.073	0.014	2.63e-07	3.7064662648745701E-2	0.0584	0.044	0.0146	0.002571	2.4800000000000044E-2	3.0200000000000001E-2	2.53E-2	0.1119	2.8699999999999948E-2	3.9699999999999999E-2	1.9199999999999998E-2	6.0359999999999997E-3
NA	chr22:30588041	0	171514	0.972	NA	chr22:30416527	1	rs41278853	MTMR3	missense	p.Asn960Ser	0	A	G	0.086	-0.061	0.008	2.2e-13	0.80728840404090796	0.0814	-0.041	0.0113	0.0002921	8.3500000000000019E-2	-8.4699999999999998E-2	1.4E-2	4.0030000000000003E-11	7.3799999999999977E-2	-8.2600000000000007E-2	1.21E-2	5.6100000000000003E-13
NA	chr3:12329783	0	63342	0.966	NA	chr3:12393125	0	rs1801282	PPARG	missense	p.Pro12Ala	1	C	G	0.122	-0.095	0.007	8.36e-42	0.50062913278952503	0.1162	-0.0779	0.0098	1.603e-15	0.12929999999999997	-7.3599999999999999E-2	1.2200000000000001E-2	4.8129999999999998E-12	0.11280000000000001	-8.48E-2	1.0800000000000001E-2	1.362E-17
NA	chr8:118185733	0	950	0.962	NA	chr8:118184783	0	rs13266634	SLC30A8	missense	p.Trp325Arg	1	T	C	0.693	0.102	0.005	6.08e-94	0.51011434582839599	0.7159	0.0971	0.0067	4.487e-47	0.68009999999999993	8.3099999999999993E-2	8.0000000000000002E-3	5.5479999999999997E-30	0.69069999999999998	9.0399999999999994E-2	6.7999999999999996E-3	1.847E-47
NA	chr5:102586407	0	49122	0.953	NA	chr5:102537285	1	rs36046591	PPIP5K2	missense	p.Ser1207Gly	1	A	G	0.681	-0.031	0.005	1.46e-10	0.43117307129665999	0.045	0.0944	0.0151	3.764e-10	0.94869999999999999	-0.1148	1.7999999999999999E-2	1.339E-11	0.95499999999999996	-0.12180000000000001	1.61E-2	1.395E-16
NA	chr17:40696915	0	25114	0.952	NA	chr17:40722029	0	rs665268	MLX	missense	p.Gln223Arg	0	A	G	0.276	0.041	0.005	6.71e-16	0.61850262395670597	0.2592	0.0349	0.0066	1.405e-07	0.27190000000000003	3.1399999999999997E-2	8.6E-3	6.071E-5	0.29379999999999995	3.5700000000000003E-2	7.0000000000000001E-3	1.9799999999999999E-8
NA	chr12:124458002	0	39328	0.948	NA	chr12:124418674	1	rs12298484	DNAH10OS	missense	p.Ser153Gly	1	T	C	0.663	0.04	0.005	1.19e-16	0.46472986800013799	0.6627	0.0401	0.0061	6.199e-11	.	.	.	.	.	.	.	.
NA	chr9:139243334	0	7919	0.944	NA	chr9:139235415	0	rs60980157	GPSM1	missense	p.Leu391Ser	1	T	C	0.76	0.072	0.008	1.17e-19	2.5454774405686002E-2	0.7563	0.0686	0.0073	3.817e-21	0.74659999999999993	6.6600000000000006E-2	8.8999999999999999E-3	4.7850000000000002E-15	0.77139999999999997	6.2E-2	8.0000000000000002E-3	3.1929999999999998E-16
NA	chr5:74955841	0	9281	0.907	NA	chr5:74965122	1	rs34358	ANKDD1B	stop_lost	p.*480Trp	1	A	G	0.356	-0.043	0.005	7.67e-19	1.8609904390034401E-2	0.3785	-0.0257	0.006	1.958e-05	.	.	.	.	.	.	.	.
NA	chr2:43671176	0	61647	0.896	NA	chr2:43732823	1	rs7578597	THADA	missense	p.Thr1187Ala	1	T	C	0.104	-0.119	0.008	3.93e-54	7.7989212344957398E-2	0.1604	-0.0815	0.0086	4.16e-21	9.0799999999999992E-2	-7.1999999999999995E-2	1.55E-2	3.0290000000000002E-9	0.10189999999999999	-6.0699999999999997E-2	1.1299999999999999E-2	2.7029999999999999E-9
NA	chr5:78436905	0	95753	0.867	NA	chr5:78532658	1	rs3733893	JMY	missense	p.Val62Ala	1	T	C	0.653	0.034	0.005	6.09e-13	0.24029440090763499	0.6754	0.0214	0.0063	0.0007378	.	.	.	.	.	.	.	.
NA	chr1:117532790	0	3332	0.861	NA	chr1:117529458	1	rs10801922	PTGFRN	missense	p.Ile837Val	1	A	G	0.552	0.038	0.005	1.18e-16	0.54308347871510998	0.5706	0.0319	0.0059	6.647e-08	0.55130000000000001	1.7299999999999999E-2	7.6E-3	5.6889999999999996E-3	0.53049999999999997	1.7500000000000002E-2	6.1999999999999998E-3	1.2030000000000001E-3
NA	chr10:71321279	0	10925	0.798	NA	chr10:71332204	1	rs4536103	NEUROG3	missense	p.Phe199Ser	0	A	G	0.667	-0.04	0.007	1.85e-09	0.170380040665773	0.5927	-0.0225	0.0064	0.0004571	0.67500000000000004	-3.2300000000000002E-2	8.0999999999999996E-3	1.37E-4	0.60339999999999994	-2.9000000000000001E-2	6.4999999999999997E-3	2.4490000000000002E-6
NA	chr8:19843171	0	23447	0.685	NA	chr8:19819724	0	rs328	LPL	stop_gained	p.Ser474*	1	C	G	0.101	-0.043	0.008	1.86e-08	0.33992678091450301	0.0957	-0.0187	0.0099	0.05957	9.760000000000002E-2	-5.1400000000000001E-2	1.26E-2	3.038E-6	9.6600000000000019E-2	-5.2400000000000002E-2	1.0200000000000001E-2	6.8239999999999996E-9
NA	chr17:65828371	0	159678	0.597	NA	chr17:65988049	0	rs9891146	C17orf58	missense	p.Ile92Val	0	T	C	0.718	-0.043	0.005	2.26e-17	0.177450436536776	0.6337	-0.0254	0.0063	5.864e-05	0.72330000000000005	-4.07E-2	9.4000000000000004E-3	1.286E-7	0.66839999999999999	-3.49E-2	7.1999999999999998E-3	7.1989999999999998E-7
NA	chr10:124193181	0	3984	0.594	NA	chr10:124189197	1	rs1045216	PLEKHA1	missense	p.Thr320Ala	1	A	G	0.592	-0.033	0.006	1.06e-07	0.44492918452038299	0.642	-0.0181	0.0066	0.006256	0.6169	-3.0599999999999999E-2	8.3999999999999995E-3	9.3300000000000005E-5	0.64749999999999996	-3.0800000000000001E-2	6.7999999999999996E-3	1.012E-6
NA	chr12:71523043	0	91	0.545	NA	chr12:71523134	1	rs1051334	TSPAN8	missense	p.Ser213Ala	1	A	C	0.411	0.038	0.005	2.3e-16	7.2907688960546793E-2	0.3701	0.0226	0.0062	0.0002592	0.40620000000000001	2.6599999999999999E-2	8.5000000000000006E-3	5.0000000000000002E-5	0.36899999999999999	2.7900000000000001E-2	6.7000000000000002E-3	1.979E-6
3. other coding variants nearby leadSNPs	chr4:106048291	1	107896	0.26	0.947	chr4:106156187	1	rs17253672	TET2	missense	p.Pro363Leu	1	C	T	0.058	0.057	0.014	6.53e-05	5.2011030310219197E-2	0.0545	0.0591	0.0137	1.646e-05	6.2100000000000002E-2	3.1800000000000002E-2	1.5800000000000002E-2	3.4759999999999999E-2	5.7000000000000002E-2	2.63E-2	1.34E-2	4.326E-2
NA	chr1:201763499	1	97127	0.205	0.843	chr1:201860626	1	rs2250377	SHISA4	missense	p.Ile159Met	1	A	G	0.674	-0.032	0.007	8.68e-06	2.5168940367437598E-2	0.6975	-0.0293	0.0063	3.838e-06	0.67710000000000004	-1.5299999999999999E-2	8.0000000000000002E-3	1.0829999999999999E-2	0.70490000000000008	-2.1000000000000001E-2	6.8999999999999999E-3	5.011E-5
NA	chr15:74331659	1	4974	0.168	0.92	chr15:74336633	1	rs5742915	PML	missense	p.Phe645Leu	0	T	C	0.454	-0.036	0.007	1.82e-07	8.8077383190143194E-5	0.4172	-0.0302	0.0063	1.735e-06	0.44830000000000003	-1.0200000000000001E-2	7.4999999999999997E-3	0.12280000000000001	0.38400000000000001	-1.4800000000000001E-2	6.4999999999999997E-3	1.9729999999999999E-3
NA	chr11:9852475	1	1302	0.065	1	chr11:9853777	1	rs12574508	SBF2	missense	p.Gln1216Glu	0	G	C	0.108	0.045	0.011	3.69e-05	1.91E-3	0.1006	0.0352	0.0101	0.000515	0.1111	1.66E-2	1.2200000000000001E-2	6.8169999999999994E-2	0.1086	2.2200000000000001E-2	1.0200000000000001E-2	5.9800000000000001E-3
NA	chr18:56878274	0	9233	0.475	0.884	chr18:56887507	1	rs1062557	GRP	missense	p.Ser4Arg	0	A	C	0.276	-0.03	0.005	5.06e-09	4.0578285952610302E-2	0.26	-0.0257	0.0067	0.0001148	.	.	.	.	.	.	.	.
NA	chr3:49980596	0	44494	0.436	0.948	chr3:49936102	1	rs2230590	MST1R	missense	p.Leu523Pro	1	A	G	0.324	0.026	0.005	6.61e-08	1.89539138948638E-2	0.4643	-0.0254	0.0059	1.57e-05	0.48899999999999999	2.7699999999999999E-2	7.4999999999999997E-3	7.3950000000000003E-4	0.44899999999999995	2.5999999999999999E-2	6.1999999999999998E-3	4.4369999999999997E-5
NA	chr12:27962260	0	46054	0.333	0.63	chr12:27916206	1	rs11049125	MANSC4	missense	p.Met163Thr	1	A	G	0.84	0.057	0.006	6.02e-20	0.37280065712921601	0.851	0.0448	0.0086	1.718e-07	0.84220000000000006	5.4399999999999997E-2	1.0200000000000001E-2	1.3799999999999999E-7	0.84929999999999994	5.28E-2	8.8000000000000005E-3	8.8110000000000003E-9
NA	chr19:7968168	0	4192	0.313	0.992	chr19:7963976	1	rs2115108	LRRC8E	missense	p.Met190Thr	0	T	C	0.33	-0.025	0.005	3.9e-07	0.58137240405814306	0.3282	-0.0203	0.0063	0.001265	.	.	.	.	.	.	.	.
NA	chr6:31264461	0	24640	0.311	0.99	chr6:31239821	1	rs2308527	HLA-C	missense	p.Ile10Leu	1	T	G	0.404	-0.026	0.007	0.0001494	0.84928624792512397	0.3926	-0.0204	0.0059	0.0005774	.	.	.	.	.	.	.	.
NA	chr2:234324192	0	68645	0.219	0.711	chr2:234255547	1	rs1046974	SAG	missense	p.Val403Ile	0	G	A	0.412	-0.026	0.007	0.000213175	0.253494979640836	0.3751	-0.0218	0.0063	0.0005332	0.41899999999999998	-8.6999999999999994E-3	7.6E-3	0.1835	0.40029999999999999	-1.11E-2	6.1999999999999998E-3	1.6219999999999998E-2
NA	chr11:45846498	0	53280	0.141	0.45	chr11:45793218	1	rs2666891	CTD-2210P24.4	missense	p.Trp28Ser	0	G	C	0.345	0.024	0.007	0.000880293	3.1931369978743102E-2	0.4217	0.0264	0.0063	3.134e-05	.	.	.	.	.	.	.	.
